spot_id,mountain_group,source_code,type,category,note,is_entrance,lon,lat
P57735,아차산·용마산,112150201,관리사무소,기타,,0,127.099901,37.553089
P57736,아차산·용마산,112150201,음수대,음수대,,0,127.100337,37.553297
P57737,아차산·용마산,112150201,운동기구,시설물(운동기구 등),,0,127.1006,37.553453
P57738,아차산·용마산,112150201,가로등,가로등,,0,127.100875,37.553588
P57739,아차산·용마산,112150201,안내판,안내판또는지도,,0,127.100941,37.553731
P57740,아차산·용마산,112150201,가로등,가로등,,0,127.10106,37.5539
P57741,아차산·용마산,112150201,정자,정자,,0,127.101348,37.554348
P57742,아차산·용마산,112150201,벤치,벤치,,0,127.10129,37.554461
P57743,아차산·용마산,112150201,가로등,가로등,,0,127.101211,37.554596
P57744,아차산·용마산,112150201,다리(평강교),기타,,0,127.101299,37.555118
P57745,아차산·용마산,112150201,가로등,가로등,,0,127.101442,37.555175
P57746,아차산·용마산,112150201,재난기구,기타,,0,127.101482,37.555272
P57747,아차산·용마산,112150201,이정표,이정표,,0,127.101603,37.555353
P57748,아차산·용마산,112150201,다리,기타,,0,127.101749,37.555505
P57749,아차산·용마산,112150201,벤치,벤치,,0,127.101856,37.555543
P57750,아차산·용마산,112150201,가로등,가로등,,0,127.102083,37.555616
P57751,아차산·용마산,112150201,운동기구,시설물(운동기구 등),,0,127.102128,37.555619
P57752,아차산·용마산,112150201,벤치,벤치,,0,127.102257,37.55564
P57753,아차산·용마산,112150201,벤치,벤치,,0,127.102365,37.55568
P57754,아차산·용마산,112150201,가로등,가로등,,0,127.102417,37.555707
P57755,아차산·용마산,112150201,재난기구,기타,,0,127.102596,37.555812
P57756,아차산·용마산,112150201,가로등,가로등,,0,127.102723,37.555957
P57757,아차산·용마산,112150201,벤치,벤치,,0,127.102766,37.556316
P57758,아차산·용마산,112150201,가로등,가로등,,0,127.102763,37.556353
P57759,아차산·용마산,112150201,벤치,벤치,,0,127.102803,37.556419
P57760,아차산·용마산,112150201,목계단,기타,,0,127.102897,37.556671
P57761,아차산·용마산,112150201,가로등,가로등,,0,127.102964,37.556821
P57762,아차산·용마산,112150201,목계단,기타,,0,127.103126,37.556973
P57763,아차산·용마산,112150201,가로등,가로등,,0,127.103229,37.557155
P57764,아차산·용마산,112150201,가로등,가로등,,0,127.10354,37.557401
P57765,아차산·용마산,112150201,이정표,이정표,,0,127.103828,37.558054
P57766,아차산·용마산,112150201,연리근,기타,,0,127.103762,37.558109
P57767,아차산·용마산,112150201,목계단,기타,,0,127.103473,37.558304
P57768,아차산·용마산,112150201,가로등,가로등,,0,127.103405,37.558376
P57769,아차산·용마산,112150201,목계단,기타,,0,127.103272,37.558525
P57770,아차산·용마산,112150201,훼손,훼손지,,0,127.103244,37.558518
P57771,아차산·용마산,112150201,훼손,훼손지,,0,127.103214,37.558579
P57772,아차산·용마산,112150201,가로등,가로등,,0,127.103213,37.558585
P57773,아차산·용마산,112150201,훼손,훼손지,,0,127.102967,37.558707
P57774,아차산·용마산,112150201,훼손,훼손지,,0,127.10292,37.558708
P57775,아차산·용마산,112150201,훼손,훼손지,,0,127.102792,37.558705
P57776,아차산·용마산,112150201,훼손,훼손지,,0,127.102778,37.55869
P57777,아차산·용마산,112150201,안내판,안내판또는지도,,0,127.10268,37.558732
P57778,아차산·용마산,112150201,이정표,이정표,,0,127.102659,37.558802
P57779,아차산·용마산,112150201,"안내,지도",안내판또는지도,,0,127.10247,37.559052
P57780,아차산·용마산,112150201,가로등,가로등,,0,127.102399,37.559088
P57781,아차산·용마산,112150201,안내판,안내판또는지도,,0,127.10227,37.559127
P57782,아차산·용마산,112150201,목계단,기타,,0,127.102247,37.55913
P57783,아차산·용마산,112150201,목계단,기타,,0,127.102117,37.559183
P57784,아차산·용마산,112150201,가로등,가로등,,0,127.101968,37.559317
P57785,아차산·용마산,112150201,가로등,가로등,,0,127.101618,37.559488
P57786,아차산·용마산,112150201,가로등,가로등,,0,127.101549,37.559723
P57787,아차산·용마산,112150201,해맞이기념비,기타,,0,127.101509,37.559929
P57788,아차산·용마산,112150201,벤치,벤치,,0,127.101504,37.56001
P57789,아차산·용마산,112150201,해맞이광장,기타,,0,127.101512,37.560039
P57790,아차산·용마산,112150201,벤치,벤치,,0,127.101559,37.560179
P57791,아차산·용마산,112150201,벤치,벤치,,0,127.101432,37.560373
P57792,아차산·용마산,112150201,가로등,가로등,,0,127.101417,37.560446
P57793,아차산·용마산,112150201,조망점,조망점,,0,127.10142,37.560454
P57794,아차산·용마산,112150201,밧줄훼손,훼손지,,0,127.101417,37.560565
P57795,아차산·용마산,112150201,아차산1보루,기타,,0,127.101425,37.560593
P57796,아차산·용마산,112150201,벤치,벤치,,0,127.10135,37.561308
P57797,아차산·용마산,112150201,안내판,안내판또는지도,,0,127.10142,37.561802
P57798,아차산·용마산,112150201,벤치,벤치,,0,127.101526,37.562045
P57799,아차산·용마산,112150201,아차산5보루,기타,,0,127.101626,37.562203
P57800,아차산·용마산,112150201,이정표,이정표,,0,127.102403,37.564504
P57801,아차산·용마산,112150201,벤치,벤치,,0,127.102439,37.564703
P57802,아차산·용마산,112150201,안내판,안내판또는지도,,0,127.102473,37.565342
P57803,아차산·용마산,112150201,아차산3보루,기타,,0,127.102484,37.565362
P57804,아차산·용마산,112150201,안내판,안내판또는지도,,0,127.102943,37.567338
P57805,아차산·용마산,112150201,벤치,벤치,,0,127.102993,37.567742
P57806,아차산·용마산,112150201,벤치,벤치,,0,127.103292,37.568681
P57807,아차산·용마산,112150201,훼손,훼손지,,0,127.103282,37.56883
P57808,아차산·용마산,112150201,훼손,훼손지,,0,127.103285,37.568838
P57809,아차산·용마산,112150201,훼손,훼손지,,0,127.103327,37.569115
P57810,아차산·용마산,112150201,훼손,훼손지,,0,127.103333,37.569126
P57811,아차산·용마산,112150201,벤치,벤치,,0,127.103563,37.570106
P57812,아차산·용마산,112150201,안내판,안내판또는지도,,0,127.103697,37.57029
P57813,아차산·용마산,112150201,벤치,벤치,,0,127.103866,37.570406
P57814,아차산·용마산,112150201,벤치,벤치,,0,127.103916,37.570502
P57815,아차산·용마산,112150201,아차산4보루,기타,,0,127.103929,37.570575
P57816,아차산·용마산,112150201,안내판,안내판또는지도,,0,127.10396,37.571528
P57817,아차산·용마산,112150201,송전탑,기타,,0,127.103404,37.572118
P57818,아차산·용마산,112150201,목계단,기타,,0,127.10194,37.572523
P57819,아차산·용마산,112150201,목계단,기타,,0,127.101744,37.572711
P57820,아차산·용마산,112150201,벤치,벤치,,0,127.103891,37.557933
P57821,아차산·용마산,112150201,벤치,벤치,,0,127.103958,37.557908
P57822,아차산·용마산,112150201,이정표,이정표,,0,127.104042,37.557839
P57823,아차산·용마산,112150201,훼손,훼손지,,0,127.104209,37.557542
P57824,아차산·용마산,112150201,훼손,훼손지,,0,127.104222,37.557544
P57825,아차산·용마산,112150201,벤치,벤치,,0,127.104365,37.55712
P57826,아차산·용마산,112150201,벤치,벤치,,0,127.104376,37.55706
P57827,아차산·용마산,112150201,안내판,안내판또는지도,,0,127.104426,37.555877
P57828,아차산·용마산,112150201,안내판,안내판또는지도,,0,127.104217,37.555031
P57829,아차산·용마산,112150201,이정표,이정표,,0,127.104114,37.554911
P57830,아차산·용마산,112150201,재난기구,기타,,0,127.103852,37.552347
P57831,아차산·용마산,112150201,벤치,벤치,,0,127.103888,37.552302
P57832,아차산·용마산,112150201,벤치,벤치,,0,127.103917,37.552245
P57833,아차산·용마산,112150201,가로등,가로등,,0,127.104093,37.552112
P57834,아차산·용마산,112150201,안내판,안내판또는지도,,0,127.104286,37.551978
P57835,아차산·용마산,112150201,만남의광장,기타,,0,127.100092,37.55232
P57836,아차산·용마산,112150201,이정표,이정표,,0,127.099893,37.552385
P57837,아차산·용마산,112150201,목계단,기타,,0,127.100621,37.553151
P57838,아차산·용마산,112150201,목계단,기타,,0,127.100966,37.553313
P57839,아차산·용마산,112150201,이정표,이정표,,0,127.101263,37.553326
P57840,아차산·용마산,112150201,가로등,가로등,,0,127.10127,37.553325
P57841,아차산·용마산,112150201,벤치,벤치,,0,127.101671,37.553411
P57842,아차산·용마산,112150201,훼손,훼손지,,0,127.102486,37.553622
P57843,아차산·용마산,112150201,훼손,훼손지,,0,127.102519,37.553637
P57844,아차산·용마산,112150201,훼손,훼손지,,0,127.102861,37.55387
P57845,아차산·용마산,112150201,훼손,훼손지,,0,127.102887,37.553876
P57846,아차산·용마산,112150201,송전탑,기타,,0,127.103004,37.55386
P57847,아차산·용마산,112150201,훼손,훼손지,,0,127.103831,37.55469
P57848,아차산·용마산,112150201,훼손,훼손지,,0,127.103904,37.554726
P57849,아차산·용마산,112150201,재난기구,기타,,0,127.103976,37.554812
P57850,아차산·용마산,112150201,시설물,시설물(운동기구 등),,0,127.100243,37.552542
P57851,아차산·용마산,112150201,시설물,시설물(운동기구 등),,0,127.099969,37.552946
P57852,아차산·용마산,112150201,시설물,시설물(운동기구 등),,0,127.100027,37.552931
P57853,아차산·용마산,112150201,목계단,기타,,0,127.100519,37.55301
P57854,아차산·용마산,112150201,가로등,가로등,,0,127.100553,37.552874
P57855,아차산·용마산,112150201,목계단,기타,,0,127.100553,37.552844
P57856,아차산·용마산,112150201,가로등,가로등,,0,127.100487,37.552717
P57857,아차산·용마산,112150201,벤치,벤치,,0,127.100469,37.552698
P57858,아차산·용마산,112150201,목계단,기타,,0,127.100551,37.552569
P57859,아차산·용마산,112150201,이정표,이정표,,0,127.100591,37.552413
P57860,아차산·용마산,112150201,목계단,기타,,0,127.100586,37.552385
P57861,아차산·용마산,112150201,화장실,화장실,,0,127.100396,37.552312
P57862,아차산·용마산,112150201,재난기구,기타,,0,127.100874,37.553103
P57863,아차산·용마산,112150201,벤치,벤치,,0,127.100794,37.55301
P57864,아차산·용마산,112150201,훼손,훼손지,,0,127.100982,37.552963
P57865,아차산·용마산,112150201,훼손,훼손지,,0,127.101014,37.552979
P57866,아차산·용마산,112150201,훼손,훼손지,,0,127.101073,37.552999
P57867,아차산·용마산,112150201,훼손,훼손지,,0,127.101102,37.553012
P57868,아차산·용마산,112150201,벤치,벤치,,0,127.101455,37.552883
P57869,아차산·용마산,112150201,가로등,가로등,,0,127.101204,37.552877
P57870,아차산·용마산,112150201,벤치,벤치,,0,127.100734,37.552851
P57871,아차산·용마산,112150201,운동기구,시설물(운동기구 등),,0,127.100713,37.552748
P57872,아차산·용마산,112150201,벤치,벤치,,0,127.100789,37.552786
P57873,아차산·용마산,112150201,벤치,벤치,,0,127.10154,37.552883
P57874,아차산·용마산,112150201,훼손,훼손지,,0,127.102767,37.552027
P57875,아차산·용마산,112150201,훼손,훼손지,,0,127.102793,37.552008
P57876,아차산·용마산,112150201,훼손,훼손지,,0,127.102842,37.55199
P57877,아차산·용마산,112150201,훼손,훼손지,,0,127.102862,37.551965
P57878,아차산·용마산,112150201,벤치,벤치,,0,127.102873,37.551964
P57879,아차산·용마산,112150201,정자,정자,,0,127.102928,37.551969
P57880,아차산·용마산,112150201,음수대,음수대,,0,127.103037,37.552006
P57881,아차산·용마산,112150201,가로등,가로등,,0,127.103224,37.551879
P57882,아차산·용마산,112150201,안내판,안내판또는지도,,0,127.103272,37.551851
P57883,아차산·용마산,112150201,안내판,안내판또는지도,,0,127.103524,37.552196
P57884,아차산·용마산,112150201,가로등,가로등,,0,127.103433,37.552193
P57885,아차산·용마산,112150201,가로등,가로등,,0,127.103033,37.552226
P57886,아차산·용마산,112150201,오동나무,주요나무,,0,127.102954,37.552196
P57887,아차산·용마산,112150201,가로등,가로등,,0,127.10276,37.552132
P57888,아차산·용마산,112150201,가로등,가로등,,0,127.102605,37.552094
P57889,아차산·용마산,112150201,가로등,가로등,,0,127.102309,37.552088
P57890,아차산·용마산,112150201,벤치,벤치,,0,127.102178,37.552102
P57891,아차산·용마산,112150201,벤치,벤치,,0,127.102027,37.552109
P57892,아차산·용마산,112150201,가로등,가로등,,0,127.101989,37.552118
P57893,아차산·용마산,112150201,벤치,벤치,,0,127.101811,37.55218
P57894,아차산·용마산,112150201,가로등,가로등,,0,127.101719,37.552217
P57895,아차산·용마산,112150201,벤치,벤치,,0,127.101574,37.552263
P57896,아차산·용마산,112150201,가로등,가로등,,0,127.101411,37.552288
P57897,아차산·용마산,112150201,가로등,가로등,,0,127.100665,37.552395
P57898,아차산·용마산,112150201,안내판,안내판또는지도,,0,127.102089,37.552263
P57899,아차산·용마산,112150201,벤치,벤치,,0,127.102017,37.55227
P57900,아차산·용마산,112150201,벤치,벤치,,0,127.10198,37.552273
P57901,아차산·용마산,112150201,벤치,벤치,,0,127.101789,37.552338
P57902,아차산·용마산,112150201,벤치,벤치,,0,127.101727,37.552358
P57903,아차산·용마산,112150201,벤치,벤치,,0,127.101663,37.552355
P57904,아차산·용마산,112150201,벤치,벤치,,0,127.101745,37.552524
P57905,아차산·용마산,112150201,훼손,훼손지,,0,127.101868,37.552473
P57906,아차산·용마산,112150201,훼손,훼손지,,0,127.101889,37.552451
P57907,아차산·용마산,112150201,훼손,훼손지,,0,127.101233,37.553113
P57908,아차산·용마산,112150201,훼손,훼손지,,0,127.101223,37.553134
P57909,아차산·용마산,112150201,벤치,벤치,,0,127.103816,37.55208
P57910,아차산·용마산,112150201,가로등,가로등,,0,127.101652,37.551408
P57911,아차산·용마산,112150201,가로등,가로등,,0,127.101557,37.551719
P57912,아차산·용마산,112150201,가로등,가로등,,0,127.101342,37.552079
P57913,아차산·용마산,112150201,가로등,가로등,,0,127.101551,37.552157
P57914,아차산·용마산,112150201,가로등,가로등,,0,127.101875,37.551889
P57915,아차산·용마산,112150201,시설물,시설물(운동기구 등),,0,127.102713,37.551874
P57916,아차산·용마산,112150201,벤치,벤치,,0,127.103498,37.552714
P57917,아차산·용마산,112150201,벤치,벤치,,0,127.103512,37.552742
P57918,아차산·용마산,112150201,벤치,벤치,,0,127.101754,37.552419
P57919,아차산·용마산,112150201,안내판,안내판또는지도,,0,127.096064,37.562381
P57920,아차산·용마산,112150201,가로등,가로등,,0,127.09585,37.562268
P57921,아차산·용마산,112150201,가로등,가로등,,0,127.095943,37.562407
P57922,아차산·용마산,112150201,가로등,가로등,,0,127.095967,37.562547
P57923,아차산·용마산,112150201,가로등,가로등,,0,127.095982,37.562678
P57924,아차산·용마산,112150201,가로등,가로등,,0,127.096002,37.562849
P57925,아차산·용마산,112150201,벤치,벤치,,0,127.096099,37.562997
P57926,아차산·용마산,112150201,가로등,가로등,,0,127.096134,37.563073
P57927,아차산·용마산,112150201,화장실,화장실,,0,127.096099,37.563105
P57928,아차산·용마산,112150201,기타(쉼터),기타,,0,127.096197,37.5632
P57929,아차산·용마산,112150201,가로등,가로등,,0,127.096252,37.563289
P57930,아차산·용마산,112150201,가로등,가로등,,0,127.096375,37.563734
P57931,아차산·용마산,112150201,목계단,기타,,0,127.096461,37.563895
P57932,아차산·용마산,112150201,목계단,기타,,0,127.096467,37.563904
P57933,아차산·용마산,112150201,다리,기타,,0,127.096495,37.563898
P57934,아차산·용마산,112150201,다리,기타,,0,127.09663,37.563976
P57935,아차산·용마산,112150201,목계단,기타,,0,127.096635,37.563979
P57936,아차산·용마산,112150201,가로등,가로등,,0,127.096644,37.564004
P57937,아차산·용마산,112150201,목계단,기타,,0,127.096736,37.564161
P57938,아차산·용마산,112150201,시설물,시설물(운동기구 등),,0,127.0968,37.564386
P57939,아차산·용마산,112150201,벤치,벤치,,0,127.096792,37.564435
P57940,아차산·용마산,112150201,가로등,가로등,,0,127.09686,37.564698
P57941,아차산·용마산,112150201,가로등,가로등,,0,127.096955,37.564878
P57942,아차산·용마산,112150201,다리,기타,,0,127.097003,37.564968
P57943,아차산·용마산,112150201,다리,기타,,0,127.09708,37.56506
P57944,아차산·용마산,112150201,목계단,기타,,0,127.097186,37.565135
P57945,아차산·용마산,112150201,목계단,기타,,0,127.097264,37.565181
P57946,아차산·용마산,112150201,벤치,벤치,,0,127.097356,37.565269
P57947,아차산·용마산,112150201,벤치,벤치,,0,127.09742,37.565324
P57948,아차산·용마산,112150201,벤치,벤치,,0,127.097461,37.565397
P57949,아차산·용마산,112150201,재난기구,기타,,0,127.097492,37.565455
P57950,아차산·용마산,112150201,가로등,가로등,,0,127.097517,37.565501
P57951,아차산·용마산,112150201,목계단,기타,,0,127.09757,37.565545
P57952,아차산·용마산,112150201,목계단,기타,,0,127.097878,37.565752
P57953,아차산·용마산,112150201,가로등,가로등,,0,127.097878,37.565809
P57954,아차산·용마산,112150201,가로등,가로등,,0,127.098025,37.565916
P57955,아차산·용마산,112150201,가로등,가로등,,0,127.098236,37.565994
P57956,아차산·용마산,112150201,벤치,벤치,,0,127.098336,37.566109
P57957,아차산·용마산,112150201,벤치,벤치,,0,127.098358,37.566111
P57958,아차산·용마산,112150201,벤치,벤치,,0,127.098371,37.566114
P57959,아차산·용마산,112150201,가로등,가로등,,0,127.098394,37.566118
P57960,아차산·용마산,112150201,벤치,벤치,,0,127.098737,37.566592
P57961,아차산·용마산,112150201,벤치,벤치,,0,127.099879,37.568252
P57962,아차산·용마산,112150201,안내판,안내판또는지도,,0,127.099894,37.568276
P57963,아차산·용마산,112150201,벤치,벤치,,0,127.100226,37.568497
P57964,아차산·용마산,112150201,벤치,벤치,,0,127.100334,37.568506
P57965,아차산·용마산,112150201,벤치,벤치,,0,127.100395,37.568535
P57966,아차산·용마산,112150201,벤치,벤치,,0,127.100482,37.568564
P57967,아차산·용마산,112150201,벤치,벤치,,0,127.100518,37.5686
P57968,아차산·용마산,112150201,벤치,벤치,,0,127.100544,37.568621
P57969,아차산·용마산,112150201,벤치,벤치,,0,127.100598,37.568641
P57970,아차산·용마산,112150201,벤치,벤치,,0,127.100608,37.568674
P57971,아차산·용마산,112150201,벤치,벤치,,0,127.100799,37.56884
P57972,아차산·용마산,112150201,벤치,벤치,,0,127.101097,37.569116
P57973,아차산·용마산,112150201,안내판,안내판또는지도,,0,127.10112,37.569184
P57974,아차산·용마산,112150201,벤치,벤치,,0,127.101133,37.569217
P57975,아차산·용마산,112150201,벤치,벤치,,0,127.101143,37.569268
P57976,아차산·용마산,112150201,목계단,기타,,0,127.101194,37.569579
P57977,아차산·용마산,112150201,목계단,기타,,0,127.101213,37.569696
P57978,아차산·용마산,112150201,목계단,기타,,0,127.101658,37.570143
P57979,아차산·용마산,112150201,목계단,기타,,0,127.101659,37.570179
P57980,아차산·용마산,112150201,목계단,기타,,0,127.101856,37.570257
P57981,아차산·용마산,112150201,목계단,기타,,0,127.101924,37.570432
P57982,아차산·용마산,112150201,벤치,벤치,,0,127.102178,37.570853
P57983,아차산·용마산,112150201,목계단,기타,,0,127.102352,37.571168
P57984,아차산·용마산,112150201,목계단,기타,,0,127.102451,37.571327
P57985,아차산·용마산,112150201,목계단,기타,,0,127.102865,37.571867
P57986,아차산·용마산,112150201,목계단,기타,,0,127.102921,37.57196
P57987,아차산·용마산,112150201,목계단,기타,,0,127.102989,37.57202
P57988,아차산·용마산,112150201,목계단,기타,,0,127.103115,37.572122
P57989,아차산·용마산,112150201,가로등,가로등,,0,127.096531,37.56325
P57990,아차산·용마산,112150201,다리,기타,,0,127.09637,37.562956
P57991,아차산·용마산,112150201,다리,기타,,0,127.096458,37.562896
P57992,아차산·용마산,112150201,정자,정자,,0,127.096399,37.562781
P57993,아차산·용마산,112150201,배드민턴장,기타,,0,127.096349,37.562552
P57994,아차산·용마산,112150201,관리사무소,기타,,0,127.096243,37.562285
P57995,아차산·용마산,112150201,가로등,가로등,,0,127.096227,37.562508
P57996,아차산·용마산,112150201,가로등,가로등,,0,127.096317,37.562732
P57997,아차산·용마산,112150201,음수대,음수대,,0,127.096346,37.562772
P57998,아차산·용마산,112150201,벤치,벤치,,0,127.096475,37.563204
P57999,아차산·용마산,112150201,가로등,가로등,,0,127.09642,37.563125
P58000,아차산·용마산,112150201,가로등,가로등,,0,127.096307,37.563008
P58001,아차산·용마산,112150201,가로등,가로등,,0,127.096175,37.562888
P58002,아차산·용마산,112150201,가로등,가로등,,0,127.096133,37.562878
P58003,아차산·용마산,112150201,가로등,가로등,,0,127.096398,37.56339
P58004,아차산·용마산,112150201,재난기구,기타,,0,127.096104,37.563856
P58005,아차산·용마산,112150201,안내판,안내판또는지도,,0,127.095855,37.564142
P58006,아차산·용마산,112150201,송전탑,기타,,0,127.096215,37.56799
P58007,아차산·용마산,112150201,훼손,훼손지,,0,127.096184,37.56851
P58008,아차산·용마산,112150201,훼손,훼손지,,0,127.096181,37.568531
P58009,아차산·용마산,112150201,훼손,훼손지,,0,127.095182,37.568647
P58010,아차산·용마산,112150201,훼손,훼손지,,0,127.095184,37.568624
P58011,아차산·용마산,112150201,훼손,훼손지,,0,127.09495,37.56848
P58012,아차산·용마산,112150201,훼손,훼손지,,0,127.094915,37.568484
P58013,아차산·용마산,112150201,재난기구,기타,,0,127.097048,37.564458
P58014,아차산·용마산,112150201,벤치,벤치,,0,127.099021,37.564487
P58015,아차산·용마산,112150201,음수대,음수대,,0,127.099053,37.564504
P58016,아차산·용마산,112150201,체육회,기타,,0,127.098427,37.564733
P58017,아차산·용마산,112150201,벤치,벤치,,0,127.0981,37.564818
P58018,아차산·용마산,112150201,벤치,벤치,,0,127.098062,37.564862
P58019,아차산·용마산,112150201,벤치,벤치,,0,127.098139,37.566175
P58020,아차산·용마산,112150201,재난기구,기타,,0,127.098136,37.566229
P58021,아차산·용마산,112150201,벤치,벤치,,0,127.098279,37.566221
P58022,아차산·용마산,112150201,체육회,기타,,0,127.097781,37.567174
P58023,아차산·용마산,112150201,음수대,음수대,,0,127.097763,37.567396
P58024,아차산·용마산,112150201,안내판,안내판또는지도,,0,127.095757,37.562213
P58025,아차산·용마산,112150201,안내판,안내판또는지도,,0,127.095667,37.562291
P58026,아차산·용마산,112150201,벤치,벤치,,0,127.095559,37.562356
P58027,아차산·용마산,112150201,재난기구,기타,,0,127.095557,37.56234
P58028,아차산·용마산,112150201,훼손,훼손지,,0,127.095358,37.562423
P58029,아차산·용마산,112150201,훼손,훼손지,,0,127.095322,37.562423
P58030,아차산·용마산,112150201,훼손,훼손지,,0,127.095171,37.562425
P58031,아차산·용마산,112150201,훼손,훼손지,,0,127.095157,37.562426
P58032,아차산·용마산,112150201,안내판,안내판또는지도,,0,127.09349,37.563546
P58033,아차산·용마산,112150201,송전탑,기타,,0,127.09355,37.56432
P58034,아차산·용마산,112150201,용마산2보루,기타,,0,127.093946,37.566781
P58035,아차산·용마산,112150201,송전탑,기타,,0,127.09392,37.566879
P58036,아차산·용마산,112150201,시설물,시설물(운동기구 등),,0,127.094058,37.56756
P58037,아차산·용마산,112150201,가로등,가로등,,0,127.091631,37.56293
P58038,아차산·용마산,112150201,가로등,가로등,,0,127.091321,37.562932
P58039,아차산·용마산,112150201,가로등,가로등,,0,127.0911,37.562647
P58040,아차산·용마산,112150201,가로등,가로등,,0,127.091035,37.562387
P58041,아차산·용마산,112150201,가로등,가로등,,0,127.090943,37.562048
P58042,아차산·용마산,112150201,가로등,가로등,,0,127.09082,37.561802
P58043,아차산·용마산,112150201,안내판,안내판또는지도,,0,127.090802,37.56181
P58044,아차산·용마산,112150201,벤치,벤치,,0,127.091781,37.562965
P58045,아차산·용마산,112150201,시설물,시설물(운동기구 등),,0,127.092169,37.563508
P58046,아차산·용마산,112150201,시설물,시설물(운동기구 등),,0,127.091877,37.563538
P58047,아차산·용마산,112150201,시설물,시설물(운동기구 등),,0,127.09189,37.563477
P58048,아차산·용마산,112150201,시설물,시설물(운동기구 등),,0,127.0919,37.563342
P58049,아차산·용마산,112150201,시설물,시설물(운동기구 등),,0,127.091898,37.563306
P58050,아차산·용마산,112150201,벤치,벤치,,0,127.091568,37.563004
P58051,아차산·용마산,112150201,시설물,시설물(운동기구 등),,0,127.092141,37.564161
P58052,아차산·용마산,112150201,목계단,기타,,0,127.091907,37.56359
P58053,아차산·용마산,112150201,목계단,기타,,0,127.090485,37.561793
P58054,아차산·용마산,112150201,목계단,기타,,0,127.090257,37.561967
P58055,아차산·용마산,112150201,재난기구,기타,,0,127.090331,37.562266
P58056,아차산·용마산,112150201,송전탑,기타,,0,127.091976,37.56477
P58057,아차산·용마산,112150201,용마산2보루,기타,,0,127.092495,37.565178
P58058,아차산·용마산,112150201,송전탑,기타,,0,127.091713,37.56548
P58059,아차산·용마산,112150201,송전탑,기타,,0,127.088944,37.564996
P58060,아차산·용마산,112150201,안내판,안내판또는지도,,0,127.08876,37.564776
P58061,아차산·용마산,112150201,가로등,가로등,,0,127.088645,37.564687
P58062,아차산·용마산,112150201,안내판,안내판또는지도,,0,127.089694,37.56832
P58063,아차산·용마산,112150201,재난기구,기타,,0,127.089991,37.568385
P58064,아차산·용마산,112150201,가로등,가로등,,0,127.090178,37.567681
P58065,아차산·용마산,112150201,다리,기타,,0,127.090311,37.567847
P58066,아차산·용마산,112150201,벤치,벤치,,0,127.090275,37.567918
P58067,아차산·용마산,112150201,이정표,이정표,,0,127.089709,37.568178
P58068,아차산·용마산,112150201,목계단,기타,,0,127.089873,37.568178
P58069,아차산·용마산,112150201,벤치,벤치,,0,127.090016,37.568161
P58070,아차산·용마산,112150201,벤치,벤치,,0,127.090127,37.568144
P58071,아차산·용마산,112150201,가로등,가로등,,0,127.0902,37.568131
P58072,아차산·용마산,112150201,재난기구,기타,,0,127.090453,37.568116
P58073,아차산·용마산,112150201,벤치,벤치,,0,127.091922,37.568347
P58074,아차산·용마산,112150201,벤치,벤치,,0,127.09227,37.568426
P58075,아차산·용마산,112150201,제2헬기장,헬기장,,0,127.100833,37.573382
P58076,아차산·용마산,112150201,목계단,기타,,0,127.095508,37.556287
P58077,아차산·용마산,112150201,목계단,기타,,0,127.095759,37.556614
P58078,아차산·용마산,112150201,목계단,기타,,0,127.0961,37.556646
P58079,아차산·용마산,112150201,목계단,기타,,0,127.096341,37.556624
P58080,아차산·용마산,112150201,재난기구,기타,,0,127.09763,37.557053
P58081,아차산·용마산,112150201,벤치,벤치,,0,127.102631,37.558681
P58082,아차산·용마산,112150201,시설물,시설물(운동기구 등),,0,127.102603,37.558608
P58083,아차산·용마산,112150201,시설물,시설물(운동기구 등),,0,127.102405,37.558429
P58084,아차산·용마산,112150201,정자,정자,,0,127.102244,37.558362
P58085,아차산·용마산,112150201,안내판,안내판또는지도,,0,127.102235,37.555784
P58086,아차산·용마산,112150201,벤치,벤치,,0,127.102194,37.55579
P58087,아차산·용마산,112150201,가로등,가로등,,0,127.101031,37.555062
P58088,아차산·용마산,112150201,가로등,가로등,,0,127.100763,37.554946
P58089,아차산·용마산,112150201,가로등,가로등,,0,127.100487,37.5549
P58090,아차산·용마산,112150201,가로등,가로등,,0,127.100252,37.554897
P58091,아차산·용마산,112150201,가로등,가로등,,0,127.099991,37.554984
P58092,아차산·용마산,112150201,가로등,가로등,,0,127.099792,37.555171
P58093,아차산·용마산,112150201,가로등,가로등,,0,127.099552,37.555294
P58094,아차산·용마산,112150201,가로등,가로등,,0,127.099193,37.555274
P58095,아차산·용마산,112150201,가로등,가로등,,0,127.098852,37.555206
P58096,아차산·용마산,112150201,가로등,가로등,,0,127.098358,37.555064
P58097,아차산·용마산,112150201,벤치,벤치,,0,127.101188,37.553886
P58098,아차산·용마산,112150201,재난기구,기타,,0,127.097367,37.555061
P58099,아차산·용마산,112150201,가로등,가로등,,0,127.097249,37.554473
P58100,아차산·용마산,112150201,안내판,안내판또는지도,,0,127.097449,37.55452
P58101,아차산·용마산,112150201,벤치,벤치,,0,127.097586,37.554589
P58102,아차산·용마산,112150201,가로등,가로등,,0,127.097715,37.554641
P58103,아차산·용마산,112150201,가로등,가로등,,0,127.097887,37.554717
P58104,아차산·용마산,112150201,안내판,안내판또는지도,,0,127.098004,37.554771
P58105,아차산·용마산,112150201,가로등,가로등,,0,127.098075,37.554847
P58106,아차산·용마산,112150201,목계단,기타,,0,127.09812,37.554882
P58107,아차산·용마산,112150201,재난기구,기타,,0,127.098252,37.555078
P58108,아차산·용마산,112150201,안내판,안내판또는지도,,0,127.098301,37.555102
P58109,아차산·용마산,112150201,가로등,가로등,,0,127.098664,37.555467
P58110,아차산·용마산,112150201,가로등,가로등,,0,127.098781,37.5558
P58111,아차산·용마산,112150201,가로등,가로등,,0,127.098881,37.555997
P58112,아차산·용마산,112150201,목계단,기타,,0,127.098953,37.556102
P58113,아차산·용마산,112150201,목계단,기타,,0,127.099151,37.556158
P58114,아차산·용마산,112150201,재난기구,기타,,0,127.099378,37.556275
P58115,아차산·용마산,112150201,목계단,기타,,0,127.099477,37.556324
P58116,아차산·용마산,112150201,가로등,가로등,,0,127.099597,37.556394
P58117,아차산·용마산,112150201,목계단,기타,,0,127.099628,37.556422
P58118,아차산·용마산,112150201,가로등,가로등,,0,127.099709,37.556724
P58119,아차산·용마산,112150201,목계단,기타,,0,127.10008,37.556736
P58120,아차산·용마산,112150201,목계단,기타,,0,127.100216,37.556713
P58121,아차산·용마산,112150201,가로등,가로등,,0,127.100253,37.556747
P58122,아차산·용마산,112150201,목계단,기타,,0,127.100291,37.556791
P58123,아차산·용마산,112150201,목계단,기타,,0,127.100439,37.556925
P58124,아차산·용마산,112150201,안내판,안내판또는지도,,0,127.101288,37.557244
P58125,아차산·용마산,112150201,벤치,벤치,,0,127.101696,37.557909
P58126,아차산·용마산,112150201,가로등,가로등,,0,127.101922,37.558017
P58127,아차산·용마산,112150201,시종점,시종점,,1,127.088601,37.564651
P58128,아차산·용마산,112150201,시종점,시종점,,1,127.089004,37.570236
P58129,아차산·용마산,112150201,시종점,시종점,,1,127.089523,37.568257
P58130,아차산·용마산,112150201,시종점,시종점,,1,127.089668,37.568187
P58131,아차산·용마산,112150201,시종점,시종점,,1,127.089675,37.569954
P58132,아차산·용마산,112150201,분기점,분기점,,0,127.089767,37.569407
P58133,아차산·용마산,112150201,분기점,분기점,,0,127.089767,37.569536
P58134,아차산·용마산,112150201,분기점,분기점,,0,127.089807,37.569682
P58135,아차산·용마산,112150201,분기점,분기점,,0,127.089984,37.569342
P58136,아차산·용마산,112150201,분기점,분기점,,0,127.090003,37.56945
P58137,아차산·용마산,112150201,분기점,분기점,,0,127.090029,37.568156
P58138,아차산·용마산,112150201,시종점,시종점,,1,127.090111,37.567606
P58139,아차산·용마산,112150201,시종점,시종점,,1,127.090264,37.56957
P58140,아차산·용마산,112150201,분기점,분기점,,0,127.090471,37.568697
P58141,아차산·용마산,112150201,분기점,분기점,,0,127.090798,37.561826
P58142,아차산·용마산,112150201,시종점,시종점,,1,127.090913,37.561036
P58143,아차산·용마산,112150201,분기점,분기점,,0,127.091103,37.563836
P58144,아차산·용마산,112150201,분기점,분기점,,0,127.091398,37.564044
P58145,아차산·용마산,112150201,분기점,분기점,,0,127.091472,37.563691
P58146,아차산·용마산,112150201,분기점,분기점,,0,127.09149,37.565479
P58147,아차산·용마산,112150201,분기점,분기점,,0,127.091495,37.562575
P58148,아차산·용마산,112150201,분기점,분기점,,0,127.0915,37.562809
P58149,아차산·용마산,112150201,분기점,분기점,,0,127.091625,37.563016
P58150,아차산·용마산,112150201,분기점,분기점,,0,127.091644,37.564427
P58151,아차산·용마산,112150201,시종점,시종점,,1,127.091752,37.562805
P58152,아차산·용마산,112150201,분기점,분기점,,0,127.091779,37.562671
P58153,아차산·용마산,112150201,시종점,시종점,,1,127.091796,37.562322
P58154,아차산·용마산,112150201,분기점,분기점,,0,127.091963,37.563552
P58155,아차산·용마산,112150201,분기점,분기점,,0,127.09216,37.565022
P58156,아차산·용마산,112150201,분기점,분기점,,0,127.092233,37.56276
P58157,아차산·용마산,112150201,시종점,시종점,,1,127.09342,37.562164
P58158,아차산·용마산,112150201,분기점,분기점,,0,127.093443,37.564813
P58159,아차산·용마산,112150201,분기점,분기점,,0,127.093488,37.56355
P58160,아차산·용마산,112150201,분기점,분기점,,0,127.093489,37.563778
P58161,아차산·용마산,112150201,분기점,분기점,,0,127.093517,37.563027
P58162,아차산·용마산,112150201,분기점,분기점,,0,127.093554,37.564428
P58163,아차산·용마산,112150201,분기점,분기점,,0,127.093661,37.562768
P58164,아차산·용마산,112150201,분기점,분기점,,0,127.093669,37.564835
P58165,아차산·용마산,112150201,시종점,시종점,,1,127.093741,37.568937
P58166,아차산·용마산,112150201,시종점,시종점,,1,127.093812,37.568987
P58167,아차산·용마산,112150201,분기점,분기점,,0,127.094381,37.568404
P58168,아차산·용마산,112150201,분기점,분기점,,0,127.095106,37.568485
P58169,아차산·용마산,112150201,시종점,시종점,,1,127.095134,37.569412
P58170,아차산·용마산,112150201,시종점,시종점,,1,127.095175,37.556155
P58171,아차산·용마산,112150201,시종점,시종점,,1,127.095277,37.569732
P58172,아차산·용마산,112150201,분기점,분기점,,0,127.095499,37.569955
P58173,아차산·용마산,112150201,분기점,분기점,,0,127.095576,37.570013
P58174,아차산·용마산,112150201,분기점,분기점,,0,127.095595,37.56993
P58175,아차산·용마산,112150201,시종점,시종점,,1,127.095606,37.570838
P58176,아차산·용마산,112150201,분기점,분기점,,0,127.095664,37.566264
P58177,아차산·용마산,112150201,분기점,분기점,,0,127.095696,37.569551
P58178,아차산·용마산,112150201,분기점,분기점,,0,127.095777,37.569586
P58179,아차산·용마산,112150201,시종점,시종점,,1,127.095825,37.561432
P58180,아차산·용마산,112150201,분기점,분기점,,0,127.095851,37.562253
P58181,아차산·용마산,112150201,분기점,분기점,,0,127.095958,37.569458
P58182,아차산·용마산,112150201,분기점,분기점,,0,127.095998,37.562824
P58183,아차산·용마산,112150201,분기점,분기점,,0,127.096092,37.570836
P58184,아차산·용마산,112150201,분기점,분기점,,0,127.096121,37.556635
P58185,아차산·용마산,112150201,분기점,분기점,,0,127.096178,37.562384
P58186,아차산·용마산,112150201,분기점,분기점,,0,127.096204,37.5687
P58187,아차산·용마산,112150201,분기점,분기점,,0,127.096254,37.562306
P58188,아차산·용마산,112150201,분기점,분기점,,0,127.096314,37.563396
P58189,아차산·용마산,112150201,분기점,분기점,,0,127.096322,37.563598
P58190,아차산·용마산,112150201,분기점,분기점,,0,127.096426,37.562829
P58191,아차산·용마산,112150201,분기점,분기점,,0,127.096468,37.563905
P58192,아차산·용마산,112150201,분기점,분기점,,0,127.096474,37.563307
P58193,아차산·용마산,112150201,시종점,시종점,,1,127.096635,37.571303
P58194,아차산·용마산,112150201,시종점,시종점,,1,127.096663,37.554639
P58195,아차산·용마산,112150201,분기점,분기점,,0,127.096768,37.564384
P58196,아차산·용마산,112150201,시종점,시종점,,1,127.097327,37.554249
P58197,아차산·용마산,112150201,시종점,시종점,,1,127.097736,37.567392
P58198,아차산·용마산,112150201,시종점,시종점,,1,127.098067,37.564858
P58199,아차산·용마산,112150201,분기점,분기점,,0,127.098116,37.56468
P58200,아차산·용마산,112150201,분기점,분기점,,0,127.098193,37.56478
P58201,아차산·용마산,112150201,분기점,분기점,,0,127.098226,37.566075
P58202,아차산·용마산,112150201,분기점,분기점,,0,127.098224,37.555036
P58203,아차산·용마산,112150201,시종점,시종점,,1,127.098487,37.564675
P58204,아차산·용마산,112150201,시종점,시종점,,1,127.098692,37.572503
P58205,아차산·용마산,112150201,시종점,시종점,,1,127.099575,37.552665
P58206,아차산·용마산,112150201,분기점,분기점,,0,127.099892,37.55253
P58207,아차산·용마산,112150201,시종점,시종점,,1,127.100027,37.551795
P58208,아차산·용마산,112150201,시종점,시종점,,1,127.10007,37.564423
P58209,아차산·용마산,112150201,분기점,분기점,,0,127.10007,37.55263
P58210,아차산·용마산,112150201,분기점,분기점,,0,127.100118,37.552297
P58211,아차산·용마산,112150201,분기점,분기점,,0,127.100278,37.572979
P58212,아차산·용마산,112150201,분기점,분기점,,0,127.100451,37.55267
P58213,아차산·용마산,112150201,시종점,시종점,,1,127.100527,37.553306
P58214,아차산·용마산,112150201,분기점,분기점,,0,127.100551,37.553124
P58215,아차산·용마산,112150201,분기점,분기점,,0,127.100554,37.552839
P58216,아차산·용마산,112150201,분기점,분기점,,0,127.100596,37.552386
P58217,아차산·용마산,112150201,분기점,분기점,,0,127.100722,37.553055
P58218,아차산·용마산,112150201,분기점,분기점,,0,127.100874,37.552987
P58219,아차산·용마산,112150201,분기점,분기점,,0,127.100952,37.552872
P58220,아차산·용마산,112150201,분기점,분기점,,0,127.100966,37.552968
P58221,아차산·용마산,112150201,분기점,분기점,,0,127.101004,37.552393
P58222,아차산·용마산,112150201,분기점,분기점,,0,127.101058,37.553905
P58223,아차산·용마산,112150201,분기점,분기점,,0,127.10112,37.553194
P58224,아차산·용마산,112150201,분기점,분기점,,0,127.10115,37.553331
P58225,아차산·용마산,112150201,분기점,분기점,,0,127.10117,37.552855
P58226,아차산·용마산,112150201,분기점,분기점,,0,127.101196,37.553143
P58227,아차산·용마산,112150201,분기점,분기점,,0,127.101256,37.553246
P58228,아차산·용마산,112150201,분기점,분기점,,0,127.101266,37.55269
P58229,아차산·용마산,112150201,분기점,분기점,,0,127.101277,37.553063
P58230,아차산·용마산,112150201,분기점,분기점,,0,127.101296,37.553108
P58231,아차산·용마산,112150201,분기점,분기점,,0,127.101373,37.553198
P58232,아차산·용마산,112150201,분기점,분기점,,0,127.101393,37.552735
P58233,아차산·용마산,112150201,분기점,분기점,,0,127.10144,37.572821
P58234,아차산·용마산,112150201,분기점,분기점,,0,127.101427,37.552902
P58235,아차산·용마산,112150201,분기점,분기점,,0,127.101428,37.552496
P58236,아차산·용마산,112150201,분기점,분기점,,0,127.101442,37.552862
P58237,아차산·용마산,112150201,분기점,분기점,,0,127.101444,37.552272
P58238,아차산·용마산,112150201,분기점,분기점,,0,127.101449,37.552831
P58239,아차산·용마산,112150201,분기점,분기점,,0,127.101458,37.553063
P58240,아차산·용마산,112150201,분기점,분기점,,0,127.101478,37.553166
P58241,아차산·용마산,112150201,분기점,분기점,,0,127.101505,37.553056
P58242,아차산·용마산,112150201,분기점,분기점,,0,127.101525,37.559599
P58243,아차산·용마산,112150201,분기점,분기점,,0,127.10153,37.552785
P58244,아차산·용마산,112150201,분기점,분기점,,0,127.101546,37.553291
P58245,아차산·용마산,112150201,분기점,분기점,,0,127.101592,37.552852
P58246,아차산·용마산,112150201,분기점,분기점,,0,127.101595,37.552563
P58247,아차산·용마산,112150201,분기점,분기점,,0,127.101602,37.55246
P58248,아차산·용마산,112150201,시종점,시종점,,1,127.101658,37.551371
P58249,아차산·용마산,112150201,시종점,시종점,,1,127.101672,37.552783
P58250,아차산·용마산,112150201,분기점,분기점,,0,127.101682,37.552874
P58251,아차산·용마산,112150201,분기점,분기점,,0,127.10175,37.553395
P58252,아차산·용마산,112150201,분기점,분기점,,0,127.101771,37.553024
P58253,아차산·용마산,112150201,시종점,시종점,,1,127.101835,37.551646
P58254,아차산·용마산,112150201,분기점,분기점,,0,127.101838,37.552779
P58255,아차산·용마산,112150201,분기점,분기점,,0,127.10184,37.552685
P58256,아차산·용마산,112150201,분기점,분기점,,0,127.101866,37.552417
P58257,아차산·용마산,112150201,분기점,분기점,,0,127.101867,37.552481
P58258,아차산·용마산,112150201,분기점,분기점,,0,127.101877,37.551882
P58259,아차산·용마산,112150201,분기점,분기점,,0,127.101892,37.557875
P58260,아차산·용마산,112150201,분기점,분기점,,0,127.101914,37.552884
P58261,아차산·용마산,112150201,분기점,분기점,,0,127.101922,37.552402
P58262,아차산·용마산,112150201,분기점,분기점,,0,127.101927,37.553045
P58263,아차산·용마산,112150201,분기점,분기점,,0,127.101926,37.551883
P58264,아차산·용마산,112150201,분기점,분기점,,0,127.101935,37.552121
P58265,아차산·용마산,112150201,분기점,분기점,,0,127.101958,37.552834
P58266,아차산·용마산,112150201,분기점,분기점,,0,127.10198,37.552645
P58267,아차산·용마산,112150201,분기점,분기점,,0,127.101994,37.553068
P58268,아차산·용마산,112150201,분기점,분기점,,0,127.102006,37.552614
P58269,아차산·용마산,112150201,분기점,분기점,,0,127.102035,37.552659
P58270,아차산·용마산,112150201,분기점,분기점,,0,127.102075,37.553238
P58271,아차산·용마산,112150201,분기점,분기점,,0,127.102081,37.552618
P58272,아차산·용마산,112150201,분기점,분기점,,0,127.102152,37.552248
P58273,아차산·용마산,112150201,분기점,분기점,,0,127.10216,37.553148
P58274,아차산·용마산,112150201,시종점,시종점,,1,127.102179,37.551792
P58275,아차산·용마산,112150201,분기점,분기점,,0,127.102343,37.552487
P58276,아차산·용마산,112150201,분기점,분기점,,0,127.102359,37.553157
P58277,아차산·용마산,112150201,분기점,분기점,,0,127.102369,37.552666
P58278,아차산·용마산,112150201,분기점,분기점,,0,127.102395,37.552734
P58279,아차산·용마산,112150201,분기점,분기점,,0,127.102428,37.552212
P58280,아차산·용마산,112150201,분기점,분기점,,0,127.102482,37.552799
P58281,아차산·용마산,112150201,분기점,분기점,,0,127.102643,37.551899
P58282,아차산·용마산,112150201,분기점,분기점,,0,127.102661,37.558752
P58283,아차산·용마산,112150201,분기점,분기점,,0,127.102666,37.552158
P58284,아차산·용마산,112150201,분기점,분기점,,0,127.1027,37.552098
P58285,아차산·용마산,112150201,분기점,분기점,,0,127.102806,37.552002
P58286,아차산·용마산,112150201,분기점,분기점,,0,127.102854,37.552159
P58287,아차산·용마산,112150201,분기점,분기점,,0,127.102908,37.558704
P58288,아차산·용마산,112150201,분기점,분기점,,0,127.103079,37.552263
P58289,아차산·용마산,112150201,분기점,분기점,,0,127.103193,37.553881
P58290,아차산·용마산,112150201,분기점,분기점,,0,127.103241,37.5722
P58291,아차산·용마산,112150201,분기점,분기점,,0,127.103252,37.557185
P58292,아차산·용마산,112150201,시종점,시종점,,1,127.103278,37.551785
P58293,아차산·용마산,112150201,분기점,분기점,,0,127.103511,37.552739
P58294,아차산·용마산,112150201,분기점,분기점,,0,127.103528,37.553166
P58295,아차산·용마산,112150201,분기점,분기점,,0,127.103601,37.557877
P58296,아차산·용마산,112150201,분기점,분기점,,0,127.103665,37.552179
P58297,아차산·용마산,112150201,분기점,분기점,,0,127.103686,37.554636
P58298,아차산·용마산,112150201,분기점,분기점,,0,127.103762,37.557922
P58299,아차산·용마산,112150201,분기점,분기점,,0,127.103813,37.558012
P58300,아차산·용마산,112150201,분기점,분기점,,0,127.103893,37.552259
P58301,아차산·용마산,112150201,시종점,시종점,,1,127.10392,37.552099
P58302,아차산·용마산,112150201,분기점,분기점,,0,127.104037,37.554865
P58303,아차산·용마산,112150201,시종점,시종점,,1,127.104376,37.551868
P97925,아차산·용마산,112150201,가로등,가로등,,0,127.101257,37.554223
P97926,아차산·용마산,112150201,가로등,가로등,,0,127.10325,37.557182
P97927,아차산·용마산,112150201,가로등,가로등,,0,127.10376,37.557862
P97928,아차산·용마산,112150201,훼손지,훼손지,,0,127.102853,37.558717
P97929,아차산·용마산,112150201,안내판또는지도,안내판또는지도,,0,127.102657,37.558786
P97930,아차산·용마산,112150201,가로등,가로등,,0,127.102368,37.559123
P97931,아차산·용마산,112150201,가로등,가로등,,0,127.101555,37.559567
P97932,아차산·용마산,112150201,벤치,벤치,,0,127.101609,37.562183
P97933,아차산·용마산,112150201,"유적(문화,역사)","유적(문화, 역사)",,0,127.102224,37.564143
P97934,아차산·용마산,112150201,이정표,이정표,,0,127.102445,37.564575
P97935,아차산·용마산,112150201,송전탑,기타,,0,127.10322,37.572179
P97936,아차산·용마산,112150201,목계단,기타,,0,127.101433,37.572827
P97937,아차산·용마산,112150201,벤치,벤치,,0,127.103994,37.557889
P97938,아차산·용마산,112150201,벤치,벤치,,0,127.104467,37.5566
P97939,아차산·용마산,112150201,이정표,이정표,,0,127.104038,37.554877
P97940,아차산·용마산,112150201,벤치,벤치,,0,127.103873,37.552244
P97941,아차산·용마산,112150201,안내판또는지도,안내판또는지도,,0,127.104364,37.551875
P97942,아차산·용마산,112150201,이정표,이정표,,0,127.099898,37.552546
P97943,아차산·용마산,112150201,목계단,기타,,0,127.101153,37.553332
P97944,아차산·용마산,112150201,가로등,가로등,,0,127.101313,37.553293
P97945,아차산·용마산,112150201,벤치,벤치,,0,127.10207,37.553253
P97946,아차산·용마산,112150201,송전탑,기타,,0,127.103183,37.553873
P97947,아차산·용마산,112150201,시설물(운동기구등),시설물(운동기구 등),,0,127.104021,37.554859
P97948,아차산·용마산,112150201,시설물(운동기구등),시설물(운동기구 등),,0,127.10055,37.55247
P97949,아차산·용마산,112150201,시설물(운동기구등),시설물(운동기구 등),,0,127.100506,37.553161
P97950,아차산·용마산,112150201,벤치,벤치,,0,127.100442,37.552679
P97951,아차산·용마산,112150201,목계단,기타,,0,127.100602,37.552453
P97952,아차산·용마산,112150201,시설물(운동기구등),시설물(운동기구 등),,0,127.100106,37.552296
P97953,아차산·용마산,112150201,시설물(운동기구등),시설물(운동기구 등),,0,127.101115,37.553259
P97954,아차산·용마산,112150201,벤치,벤치,,0,127.100835,37.552999
P97955,아차산·용마산,112150201,훼손지,훼손지,,0,127.101025,37.552981
P97956,아차산·용마산,112150201,훼손지,훼손지,,0,127.101242,37.553029
P97957,아차산·용마산,112150201,벤치,벤치,,0,127.101399,37.552862
P97958,아차산·용마산,112150201,가로등,가로등,,0,127.101159,37.552885
P97959,아차산·용마산,112150201,벤치,벤치,,0,127.100661,37.552831
P97960,아차산·용마산,112150201,벤치,벤치,,0,127.100895,37.552755
P97961,아차산·용마산,112150201,벤치,벤치,,0,127.101582,37.552858
P97962,아차산·용마산,112150201,벤치,벤치,,0,127.102852,37.551959
P97963,아차산·용마산,112150201,안내판또는지도,안내판또는지도,,0,127.103282,37.551782
P97964,아차산·용마산,112150201,가로등,가로등,,0,127.10313,37.552292
P97965,아차산·용마산,112150201,가로등,가로등,,0,127.102708,37.552109
P97966,아차산·용마산,112150201,가로등,가로등,,0,127.101952,37.552123
P97967,아차산·용마산,112150201,벤치,벤치,,0,127.10145,37.552272
P97968,아차산·용마산,112150201,가로등,가로등,,0,127.101138,37.55234
P97969,아차산·용마산,112150201,벤치,벤치,,0,127.101542,37.552445
P97970,아차산·용마산,112150201,벤치,벤치,,0,127.101861,37.552482
P97971,아차산·용마산,112150201,훼손지,훼손지,,0,127.10193,37.552417
P97972,아차산·용마산,112150201,훼손지,훼손지,,0,127.101191,37.553143
P97973,아차산·용마산,112150201,벤치,벤치,,0,127.101665,37.551378
P97974,아차산·용마산,112150201,가로등,가로등,,0,127.101552,37.551788
P97975,아차산·용마산,112150201,가로등,가로등,,0,127.10132,37.552127
P97976,아차산·용마산,112150201,가로등,가로등,,0,127.101882,37.551808
P97977,아차산·용마산,112150201,시설물(운동기구등),시설물(운동기구 등),,0,127.102632,37.551873
P97978,아차산·용마산,112150201,벤치,벤치,,0,127.103518,37.55274
P97979,아차산·용마산,112150201,벤치,벤치,,0,127.101577,37.552458
P97980,아차산·용마산,112150201,안내판또는지도,안내판또는지도,,0,127.095855,37.562254
P97981,아차산·용마산,112150201,가로등,가로등,,0,127.095999,37.562825
P97982,아차산·용마산,112150201,가로등,가로등,,0,127.096329,37.563408
P97983,아차산·용마산,112150201,목계단,기타,,0,127.096477,37.563911
P97984,아차산·용마산,112150201,벤치,벤치,,0,127.096802,37.564463
P97985,아차산·용마산,112150201,가로등,가로등,,0,127.098332,37.56607
P97986,아차산·용마산,112150201,목계단,기타,,0,127.103197,37.572177
P97987,아차산·용마산,112150201,가로등,가로등,,0,127.096511,37.563246
P97988,아차산·용마산,112150201,다리,기타,,0,127.096416,37.562824
P97989,아차산·용마산,112150201,관리사무소,기타,,0,127.096132,37.562161
P97990,아차산·용마산,112150201,음수대,음수대,,0,127.096445,37.562837
P97991,아차산·용마산,112150201,가로등,가로등,,0,127.096011,37.562831
P97992,아차산·용마산,112150201,가로등,가로등,,0,127.096337,37.563409
P97993,아차산·용마산,112150201,안내판또는지도,안내판또는지도,,0,127.09568,37.566318
P97994,아차산·용마산,112150201,훼손지,훼손지,,0,127.096203,37.568715
P97995,아차산·용마산,112150201,훼손지,훼손지,,0,127.094436,37.568446
P97996,아차산·용마산,112150201,시설물(운동기구등),시설물(운동기구 등),,0,127.098144,37.564691
P97997,아차산·용마산,112150201,음수대,음수대,,0,127.099941,37.564394
P97998,아차산·용마산,112150201,체육회,기타,,0,127.098193,37.564763
P97999,아차산·용마산,112150201,벤치,벤치,,0,127.098242,37.566128
P98000,아차산·용마산,112150201,시설물(운동기구등),시설물(운동기구 등),,0,127.098259,37.566159
P98001,아차산·용마산,112150201,음수대,음수대,,0,127.095793,37.562223
P98002,아차산·용마산,112150201,훼손지,훼손지,,0,127.09361,37.562764
P98003,아차산·용마산,112150201,안내판또는지도,안내판또는지도,,0,127.093523,37.563026
P98004,아차산·용마산,112150201,송전탑,기타,,0,127.093679,37.56481
P98005,아차산·용마산,112150201,시설물(운동기구등),시설물(운동기구 등),,0,127.09437,37.568239
P98006,아차산·용마산,112150201,가로등,가로등,,0,127.091627,37.562948
P98007,아차산·용마산,112150201,안내판또는지도,안내판또는지도,,0,127.091642,37.563017
P98008,아차산·용마산,112150201,벤치,벤치,,0,127.091685,37.562776
P98009,아차산·용마산,112150201,시설물(운동기구등),시설물(운동기구 등),,0,127.092049,37.563578
P98010,아차산·용마산,112150201,벤치,벤치,,0,127.091602,37.562959
P98011,아차산·용마산,112150201,시설물(운동기구등),시설물(운동기구 등),,0,127.091646,37.564425
P98012,아차산·용마산,112150201,목계단,기타,,0,127.091496,37.563673
P98013,아차산·용마산,112150201,시설물(운동기구등),시설물(운동기구 등),,0,127.09111,37.56384
P98014,아차산·용마산,112150201,송전탑,기타,,0,127.092183,37.565037
P98015,아차산·용마산,112150201,"유적(문화,역사)","유적(문화, 역사)",,0,127.093428,37.564822
P98016,아차산·용마산,112150201,송전탑,기타,,0,127.0915,37.565477
P98017,아차산·용마산,112150201,가로등,가로등,,0,127.088602,37.564654
P98018,아차산·용마산,112150201,주차장,주차장,,0,127.089654,37.568309
P98019,아차산·용마산,112150201,시설물(운동기구등),시설물(운동기구 등),,0,127.090425,37.568689
P98020,아차산·용마산,112150201,벤치,벤치,,0,127.090022,37.568147
P98021,아차산·용마산,112150201,벤치,벤치,,0,127.090025,37.568177
P98022,아차산·용마산,112150201,벤치,벤치,,0,127.09374,37.568942
P98023,아차산·용마산,112150201,헬기장,헬기장,,0,127.100995,37.573292
P98024,아차산·용마산,112150201,시설물(운동기구등),시설물(운동기구 등),,0,127.101522,37.559498
P98025,아차산·용마산,112150201,정자,정자,,0,127.101924,37.558014
P98026,아차산·용마산,112150201,벤치,벤치,,0,127.101205,37.555203
P98027,아차산·용마산,112150201,가로등,가로등,,0,127.09824,37.555041
P98028,아차산·용마산,112150201,벤치,벤치,,0,127.101134,37.553353
P98029,아차산·용마산,112150201,재난기구,기타,,0,127.096133,37.556628
P98030,아차산·용마산,112150201,목계단,기타,,0,127.098227,37.555005
P98031,아차산·용마산,112150201,가로등,가로등,,0,127.102909,37.558696
P68686,아차산·용마산,112600501,이정표,이정표,,0,127.103166,37.578916
P68687,아차산·용마산,112600501,한용운시비,기타,,0,127.103011,37.578654
P68688,아차산·용마산,112600501,"나무계단   시작,안내문      (샛길방지)",기타,,0,127.102592,37.578273
P68689,아차산·용마산,112600501,"조망쉼터,안내지도",조망점,,0,127.102492,37.578109
P68690,아차산·용마산,112600501,조망점,조망점,,0,127.102303,37.577756
P68691,아차산·용마산,112600501,나무계단끝,기타,,0,127.101809,37.576821
P68692,아차산·용마산,112600501,"자동음성   안내기,조망점",기타,,0,127.101134,37.575739
P68693,아차산·용마산,112600501,"용마산5보루,헬기장,안내지도,안내문",기타,,0,127.101094,37.575662
P68694,아차산·용마산,112600501,돌탑,기타,,0,127.10115,37.57452
P68695,아차산·용마산,112600501,"용마산4보루,헬기장,헬기장,이정표,안내문,조망점",기타,,0,127.10084,37.573461
P68696,아차산·용마산,112600501,산악산불   신고판,기타,,0,127.100246,37.572992
P68697,아차산·용마산,112600501,"용마산        4보루,안내판,헬기장",기타,,0,127.098708,37.57253
P68698,아차산·용마산,112600501,"조망점,암반길",조망점,,0,127.098185,37.572086
P68699,아차산·용마산,112600501,"용마체육회,노선접점",기타,,0,127.096429,37.571159
P68700,아차산·용마산,112600501,암반로      안전시설,기타,,0,127.096088,37.571058
P68701,아차산·용마산,112600501,"용마봉     (용마3보루),산악산불   신고판,이정표",기타,,0,127.095755,37.571149
P68702,아차산·용마산,112600501,산악산불   신고판,기타,,0,127.095475,37.569987
P68703,아차산·용마산,112600501,뿌리노출,기타,,0,127.095237,37.569633
P68704,아차산·용마산,112600501,이정표,이정표,,0,127.094377,37.568429
P68705,아차산·용마산,112600501,용마산      약수터,음수대,,0,127.092773,37.569239
P68706,아차산·용마산,112600501,교량,기타,,0,127.089175,37.570475
P68707,아차산·용마산,112600501,"팔각정,안내지도,벤치",기타,,0,127.095915,37.580268
P68708,아차산·용마산,112600501,개울옆,기타,,0,127.097642,37.579821
P68709,아차산·용마산,112600501,"목조교,이정표,용마1약수터,사각정,운동시설",기타,,0,127.099689,37.579298
P68710,아차산·용마산,112600501,"사각정,운동시설",기타,,0,127.098399,37.580047
P68711,아차산·용마산,112600501,"목계단시작,운동시설",기타,,0,127.101767,37.578973
P68712,아차산·용마산,112600501,"사각정,김소월시비,안내문",기타,,0,127.102262,37.578961
P68713,아차산·용마산,112600501,"망우산접점,잣나무       조림지",기타,,0,127.102498,37.579706
P68714,아차산·용마산,112600501,운동시설,시설물(운동기구 등),,0,127.101021,37.579717
P68715,아차산·용마산,112600501,공원길,기타,,0,127.095017,37.5806
P68716,아차산·용마산,112600501,산불산악    신고판,기타,,0,127.091539,37.575413
P68717,아차산·용마산,112600501,조망점,조망점,,0,127.091732,37.574997
P68718,아차산·용마산,112600501,휀스끝점,기타,,0,127.092701,37.574223
P68719,아차산·용마산,112600501,조망점 및   돌탑,조망점,,0,127.092936,37.573681
P68720,아차산·용마산,112600501,조망점,조망점,,0,127.093297,37.573505
P68721,아차산·용마산,112600501,"용마봉,삼각점",기타,,0,127.095762,37.571161
P68722,아차산·용마산,112600501,휀스끝,기타,,0,127.093323,37.57031
P68723,아차산·용마산,112600501,"조망점,돌탑,용마산6보루",조망점,,0,127.092562,37.570489
P68724,아차산·용마산,112600501,"조망점,용마폭포    공원",조망점,,0,127.09111,37.571356
P68725,아차산·용마산,112600501,무단경작,기타,,0,127.087796,37.572235
P68726,아차산·용마산,112600501,돌탑조망대,조망점,,0,127.092393,37.570037
P68727,아차산·용마산,112600501,조망점,조망점,,0,127.095556,37.570401
P68728,아차산·용마산,112600501,"삼거리,중랑문화체육관",기타,,0,127.095903,37.579893
P68729,아차산·용마산,112600501,"사각정자,배드민턴장,목초교",기타,,0,127.096888,37.579501
P68730,아차산·용마산,112600501,면목지구    약수터,음수대,,0,127.099291,37.5794
P68731,아차산·용마산,112600501,"굿터(상,하),훼손(소각장)",기타,,0,127.098581,37.578469
P68732,아차산·용마산,112600501,"팔각정,나무계단,조망점",기타,,0,127.100586,37.576366
P68733,아차산·용마산,112600501,"조망점(돌탑),암반길",조망점,,0,127.099316,37.578136
P68734,아차산·용마산,112600501,계곡,기타,,0,127.098688,37.577392
P68735,아차산·용마산,112600501,"면목동석마상,안내지도",안내판또는지도,,0,127.094574,37.580194
P68736,아차산·용마산,112600501,"팔각정,운동장",기타,,0,127.096826,37.579255
P68737,아차산·용마산,112600501,"돼지바위,돌탑,조망점",기타,,0,127.097488,37.577255
P68738,아차산·용마산,112600501,"조망점,차돌바위",조망점,,0,127.098636,37.574068
P68739,아차산·용마산,112600501,용마체육회,기타,,0,127.096414,37.57121
P68740,아차산·용마산,112600501,소나무      숲길끝,주요나무,,0,127.096248,37.574152
P68741,아차산·용마산,112600501,조망점,조망점,,0,127.096104,37.574459
P68742,아차산·용마산,112600501,돌탑,기타,,0,127.094906,37.576727
P68743,아차산·용마산,112600501,"보명사,무단경작,무림빌라",기타,,0,127.093531,37.577762
P68744,아차산·용마산,112600501,조망점,조망점,,0,127.095189,37.573493
P68745,아차산·용마산,112600501,조망점,조망점,,0,127.094358,37.574823
P68746,아차산·용마산,112600501,운동시설,시설물(운동기구 등),,0,127.093267,37.575623
P68747,아차산·용마산,112600501,운동시설,시설물(운동기구 등),,0,127.092219,37.576212
P68748,아차산·용마산,112600501,굿터,기타,,0,127.092797,37.575962
P68749,아차산·용마산,112600501,시종점,시종점,,1,127.087618,37.572608
P68750,아차산·용마산,112600501,시종점,시종점,,1,127.088096,37.571193
P68751,아차산·용마산,112600501,"종점,노선접점,안내문",분기점,,0,127.088547,37.570417
P68752,아차산·용마산,112600501,분기점,분기점,,0,127.089064,37.571709
P68753,아차산·용마산,112600501,"노선내분기,수목훼손",분기점,,0,127.089123,37.570277
P68754,아차산·용마산,112600501,분기점,분기점,,0,127.089209,37.570535
P68755,아차산·용마산,112600501,"시작점,무단경작,구조물",시종점,,0,127.089236,37.576522
P68756,아차산·용마산,112600501,분기점,분기점,,0,127.089245,37.572088
P68757,아차산·용마산,112600501,"분기,운동시설",분기점,,0,127.089403,37.570485
P68758,아차산·용마산,112600501,분기점,분기점,,0,127.090638,37.571148
P68759,아차산·용마산,112600501,분기점,분기점,,0,127.090835,37.576988
P68760,아차산·용마산,112600501,"노선접점,벤치",분기점,,0,127.091156,37.569567
P68761,아차산·용마산,112600501,분기점,분기점,,0,127.091176,37.569743
P68762,아차산·용마산,112600501,분기점,분기점,,0,127.091367,37.569584
P68763,아차산·용마산,112600501,시종점,시종점,,1,127.091813,37.578297
P68764,아차산·용마산,112600501,시종점,시종점,,1,127.091955,37.576171
P68765,아차산·용마산,112600501,"노선내분기,무단경작,운동시설",분기점,,0,127.092092,37.576904
P68766,아차산·용마산,112600501,분기점,분기점,,0,127.092112,37.576662
P68767,아차산·용마산,112600501,분기점,분기점,,0,127.092298,37.569677
P68768,아차산·용마산,112600501,분기점,분기점,,0,127.092458,37.576654
P68769,아차산·용마산,112600501,"사각정,목초교",분기점,,0,127.092527,37.577652
P68770,아차산·용마산,112600501,분기점,분기점,,0,127.092595,37.577304
P68771,아차산·용마산,112600501,분기점,분기점,,0,127.092647,37.577411
P68772,아차산·용마산,112600501,시종점,시종점,,1,127.092784,37.578214
P68773,아차산·용마산,112600501,분기점,분기점,,0,127.092794,37.569264
P68774,아차산·용마산,112600501,분기점,분기점,,0,127.092847,37.577097
P68775,아차산·용마산,112600501,분기점,분기점,,0,127.092898,37.576817
P68776,아차산·용마산,112600501,분기점,분기점,,0,127.09291,37.570308
P68777,아차산·용마산,112600501,시종점,시종점,,1,127.093065,37.577869
P68778,아차산·용마산,112600501,분기점,분기점,,0,127.093234,37.575533
P68779,아차산·용마산,112600501,분기점,분기점,,0,127.093285,37.577579
P68780,아차산·용마산,112600501,분기점,분기점,,0,127.09329,37.575972
P68781,아차산·용마산,112600501,분기점,분기점,,0,127.093292,37.576215
P68782,아차산·용마산,112600501,시종점,시종점,,1,127.093328,37.580516
P68783,아차산·용마산,112600501,분기점,분기점,,0,127.093636,37.57505
P68784,아차산·용마산,112600501,"분기접점,팔각정",분기점,,0,127.093812,37.568987
P68785,아차산·용마산,112600501,시종점,시종점,,1,127.09408,37.571296
P68786,아차산·용마산,112600501,"노선내분기,진달래꽃,용천약수터,암반길시작",분기점,,0,127.0943,37.575931
P68787,아차산·용마산,112600501,"시작점,안내지도,음수대",분기점,,0,127.094463,37.580439
P68788,아차산·용마산,112600501,분기점,분기점,,0,127.094529,37.571292
P68789,아차산·용마산,112600501,분기점,분기점,,0,127.094568,37.570544
P68790,아차산·용마산,112600501,분기점,분기점,,0,127.094644,37.570494
P68791,아차산·용마산,112600501,분기점,분기점,,0,127.094752,37.571412
P68792,아차산·용마산,112600501,분기점,분기점,,0,127.094755,37.569844
P68793,아차산·용마산,112600501,분기점,분기점,,0,127.094827,37.572364
P68794,아차산·용마산,112600501,시종점,시종점,,1,127.094996,37.580787
P68795,아차산·용마산,112600501,분기점,분기점,,0,127.09518,37.573547
P68796,아차산·용마산,112600501,분기점,분기점,,0,127.095187,37.571448
P68797,아차산·용마산,112600501,분기점,분기점,,0,127.09523,37.569719
P68798,아차산·용마산,112600501,분기점,분기점,,0,127.095308,37.571909
P68799,아차산·용마산,112600501,분기점,분기점,,0,127.095472,37.570771
P68800,아차산·용마산,112600501,분기점,분기점,,0,127.095524,37.580534
P68801,아차산·용마산,112600501,분기점,분기점,,0,127.095537,37.570523
P68802,아차산·용마산,112600501,분기점,분기점,,0,127.095584,37.57051
P68803,아차산·용마산,112600501,분기점,분기점,,0,127.095739,37.571147
P68804,아차산·용마산,112600501,시종점,시종점,,1,127.095764,37.580939
P68805,아차산·용마산,112600501,분기점,분기점,,0,127.095827,37.579885
P68806,아차산·용마산,112600501,"시작점,이정표",분기점,,0,127.095961,37.58026
P68807,아차산·용마산,112600501,분기점,분기점,,0,127.096114,37.579652
P68808,아차산·용마산,112600501,"노선내분기,족구장",분기점,,0,127.096373,37.580281
P68809,아차산·용마산,112600501,분기점,분기점,,0,127.096407,37.573178
P68810,아차산·용마산,112600501,분기점,분기점,,0,127.096417,37.580462
P68811,아차산·용마산,112600501,분기점,분기점,,0,127.096448,37.571225
P68812,아차산·용마산,112600501,분기점,분기점,,0,127.096954,37.579135
P68813,아차산·용마산,112600501,분기점,분기점,,0,127.09702,37.57946
P68814,아차산·용마산,112600501,"노선내분기,체육시설,안내판,안내지도",분기점,,0,127.097252,37.57982
P68815,아차산·용마산,112600501,분기점,분기점,,0,127.097353,37.579132
P68816,아차산·용마산,112600501,"삼거리,가로등,자연관찰",분기점,,0,127.097718,37.580169
P68817,아차산·용마산,112600501,"노선내분기,이정표",분기점,,0,127.097757,37.579121
P68818,아차산·용마산,112600501,분기점,분기점,,0,127.097852,37.579163
P68819,아차산·용마산,112600501,분기점,분기점,,0,127.09824,37.579341
P68820,아차산·용마산,112600501,시종점,시종점,,1,127.098645,37.577297
P68821,아차산·용마산,112600501,분기점,분기점,,0,127.098692,37.572503
P68822,아차산·용마산,112600501,분기점,분기점,,0,127.098906,37.578288
P68823,아차산·용마산,112600501,분기점,분기점,,0,127.099094,37.57922
P68824,아차산·용마산,112600501,분기점,분기점,,0,127.09922,37.579301
P68825,아차산·용마산,112600501,분기점,분기점,,0,127.099483,37.579294
P68826,아차산·용마산,112600501,분기점,분기점,,0,127.099543,37.579324
P68827,아차산·용마산,112600501,분기점,분기점,,0,127.099746,37.57755
P68828,아차산·용마산,112600501,"노선내분기,가로등",분기점,,0,127.099752,37.579661
P68829,아차산·용마산,112600501,분기점,분기점,,0,127.099835,37.578777
P68830,아차산·용마산,112600501,분기점,분기점,,0,127.100012,37.579589
P68831,아차산·용마산,112600501,분기점,분기점,,0,127.100326,37.579661
P68832,아차산·용마산,112600501,분기점,분기점,,0,127.100506,37.579565
P68833,아차산·용마산,112600501,"삼거리,운동시설",분기점,,0,127.101188,37.579264
P68834,아차산·용마산,112600501,분기점,분기점,,0,127.101381,37.576205
P68835,아차산·용마산,112600501,시종점,시종점,,1,127.102691,37.579549
P98681,아차산·용마산,112600501,용마산약수터,음수대,,0,127.091104,37.569545
P98682,아차산·용마산,112600501,팔각정,정자,,0,127.096395,37.580333
P98683,아차산·용마산,112600501,사각정,정자,,0,127.099736,37.579661
P98684,아차산·용마산,112600501,사각정,정자,,0,127.103034,37.578923
P98685,아차산·용마산,112600501,운동시설,시설물(운동기구 등),,0,127.100305,37.579651
P98686,아차산·용마산,112600501,한신APT정문,기타,,0,127.095447,37.580748
P98687,아차산·용마산,112600501,조망점,조망점,,0,127.09484,37.572356
P98688,아차산·용마산,112600501,용마봉,정상,,0,127.095153,37.571498
P98689,아차산·용마산,112600501,훼손지,훼손지,,0,127.087773,37.572237
P98690,아차산·용마산,112600501,돌탑조망대,조망점,,0,127.093067,37.570293
P98691,아차산·용마산,112600501,조망점,조망점,,0,127.092438,37.569715
P98692,아차산·용마산,112600501,음수대,음수대,,0,127.099816,37.579036
P98693,아차산·용마산,112600501,조망점,조망점,,0,127.101367,37.576281
P98694,아차산·용마산,112600501,조망점,조망점,,0,127.098727,37.572569
P98695,아차산·용마산,112600501,보명사,"유적(문화, 역사)",,0,127.094278,37.575952
P98696,아차산·용마산,112600501,조망점,조망점,,0,127.093626,37.575083
P98697,아차산·용마산,112600501,운동시설,시설물(운동기구 등),,0,127.093277,37.576018
P98698,아차산·용마산,112600501,운동시설,시설물(운동기구 등),,0,127.0925,37.576652
P98699,아차산·용마산,112600501,굿터,기타,,0,127.092498,37.575362
P7210,관악산,116200201,안내판,안내판또는지도,,0,126.976756,37.425826
P7211,관악산,116200201,"안내지도,긴급연락처,표시목,싸이렌철탑,주차장,지팡이통,돌계단,삭도장",안내판또는지도,"무당약수터,철거했음,연주암전용,화물운반용,조수보호구역,99년(녹슬음)",0,126.985583,37.433784
P7212,관악산,116200201,"안내판,돌계단",안내판또는지도,서울대수목원,0,126.98471,37.434445
P7213,관악산,116200201,돌축대,기타,훼손중,0,126.98409,37.434797
P7214,관악산,116200201,나무장승,기타,개인설치,0,126.983846,37.434941
P7215,관악산,116200201,돌축대,기타,최근시설,0,126.983632,37.435033
P7216,관악산,116200201,돌탑,기타,경고문,0,126.983223,37.435266
P7217,관악산,116200201,"긴급연락처,전신주,돌탑",기타,"대피소중간,규모있음,꽁초발생,나무,흙유실",0,126.981696,37.435784
P7218,관악산,116200201,"전신주,돌계단",기타,불규칙,0,126.981469,37.43587
P7219,관악산,116200201,뚝방,기타,중기청후문,0,126.976785,37.425963
P7220,관악산,116200201,전신주,기타,,0,126.981056,37.436265
P7221,관악산,116200201,"돌계단,전신주",기타,,0,126.980866,37.43644
P7222,관악산,116200201,"벤치,목교1,돌비석,보안등,돌다리,전신주",벤치,"1개훼손,2005.11,원형(썩음),훼손,태양전지,이용함",0,126.980395,37.437055
P7223,관악산,116200201,"안내판,목계단,고무판",안내판또는지도,"산림을..,경계목시작,동절기사용",0,126.980262,37.437231
P7224,관악산,116200201,기타,기타,,0,126.980225,37.437607
P7225,관악산,116200201,"산불계도판,방송기기,숲해설판,대피소,전신주",대피소,"화장실,2개동,자동음성,경기소방,방송기기",0,126.979857,37.438167
P7226,관악산,116200201,"벤치,목계단",벤치,"사용못함,썩음,끝지점",0,126.97944,37.438495
P7227,관악산,116200201,"등산지도,긴급연락처,보안등,목교2",안내판또는지도,"산불,산림은..,관악산곤충,관악산동물,경계구역..,태양전지,목교시작",0,126.979242,37.438543
P7228,관악산,116200201,"벤치,목교2,돌계단",벤치,"노후,목교끝,깔딱고개",0,126.978885,37.438902
P7229,관악산,116200201,긴급연락처,기타,,0,126.978626,37.439079
P7230,관악산,116200201,전신주,기타,깔딱고개끝,0,126.978291,37.439309
P7231,관악산,116200201,돌계단,기타,,0,126.977908,37.439426
P7232,관악산,116200201,T.P기준석,기타,,0,126.976704,37.439993
P7233,관악산,116200201,기타,기타,"산악사고..,썩음",0,126.976808,37.440573
P7234,관악산,116200201,"지명돌다리,비석",기타,지명돌다리,0,126.976167,37.441107
P7235,관악산,116200201,전신주,기타,,0,126.975502,37.441196
P7236,관악산,116200201,돌계단,기타,시작,0,126.975141,37.441366
P7237,관악산,116200201,긴급연락처,기타,"나무사랑..,성묘",0,126.976721,37.426532
P7238,관악산,116200201,전신주,기타,,0,126.974485,37.441636
P7239,관악산,116200201,목계단,기타,끝,0,126.973766,37.441786
P7240,관악산,116200201,"긴급연락처,약수터(하),비석,목계단",기타,"경고문,잘않보임,수질검사,KT설치,1984년계단중간",0,126.973476,37.441956
P7241,관악산,116200201,"안내판,목계단",안내판또는지도,"경고문,계단끝,임시고정",0,126.973172,37.442172
P7242,관악산,116200201,기타,기타,일부이용,0,126.973045,37.44222
P7243,관악산,116200201,"안내판,돌계단",안내판또는지도,"경기소방,불규칙",0,126.972872,37.442228
P7244,관악산,116200201,전신주,기타,위험,0,126.972252,37.442711
P7245,관악산,116200201,"긴급연락처,약수터(상),전신주,돌탑",기타,"수질검사,과천소방,방치중",0,126.972086,37.442824
P7246,관악산,116200201,"전신주,돌계단",기타,불규칙,0,126.971822,37.443174
P7247,관악산,116200201,전신주,기타,,0,126.971653,37.443256
P7248,관악산,116200201,산소,기타,,0,126.975243,37.427329
P7249,관악산,116200201,전신주,기타,NO:94,0,126.971237,37.443404
P7250,관악산,116200201,"돌탑,전신주,전기줄",기타,연등행사,0,126.970907,37.443431
P7251,관악산,116200201,"돌계단,전신주",기타,"경계로프,불규칙",0,126.970401,37.443339
P7252,관악산,116200201,"안내판,돌계단,전신주",안내판또는지도,"불규칙,확성기",0,126.96935,37.442911
P7253,관악산,116200201,"긴급연락처,전신주,산장,경계로프,기념비",기타,"지도안내,흉측,과천소방,화장실,산도내집..,단자함,NO:1,시작,붕괴조심,식수..",0,126.969028,37.442662
P7254,관악산,116200201,전신주,기타,,0,126.968346,37.442146
P7255,관악산,116200201,전신주,기타,,0,126.967996,37.441858
P7256,관악산,116200201,경계로프,기타,시작,0,126.967885,37.441652
P7257,관악산,116200201,경계로프,기타,끝,0,126.967762,37.441576
P7258,관악산,116200201,긴급연락처,기타,,0,126.973868,37.427873
P7259,관악산,116200201,"안내지도,전신주,돌탑",안내판또는지도,"연주암,썩음",0,126.967484,37.441251
P7260,관악산,116200201,돌계단,기타,경계로프,0,126.966962,37.441275
P7261,관악산,116200201,"돌다리,경계로프",기타,"로프시작,끝",0,126.966869,37.441319
P7262,관악산,116200201,돌계단,기타,시작,0,126.966337,37.441442
P7263,관악산,116200201,"현황판,오수장,긴급연락처,돌계단",기타,"오수..,방치,시작",0,126.96616,37.441592
P7264,관악산,116200201,"연주암식당,돌계단",기타,끝,0,126.965697,37.441594
P7265,관악산,116200201,"안내판,전신주,철조망",안내판또는지도,"산악사고,보안등,폐쇄등산로",0,126.965314,37.441611
P7266,관악산,116200201,"공덕비,범종,돌축대",기타,,0,126.96521,37.441714
P7267,관악산,116200201,T.P기준석,기타,,0,126.972313,37.429022
P7268,관악산,116200201,울타리,기타,"연주암설치,이용함",0,126.965128,37.442242
P7269,관악산,116200201,"전신주,경계목,목축대",기타,"전선흉함,시작",0,126.96512,37.44279
P7270,관악산,116200201,"돌계단,전신주",기타,깔딱고개,0,126.964833,37.442992
P7271,관악산,116200201,전신주,기타,,0,126.964587,37.443304
P7272,관악산,116200201,기타,기타,우회길,0,126.972138,37.42923
P7273,관악산,116200201,"정경백바위,돌계단",기타,"훼손,물끼조심",0,126.970962,37.431879
P7274,관악산,116200201,깔딱고개,기타,경사심함,0,126.97156,37.432118
P7275,관악산,116200201,긴급연락처,기타,경기소방,0,126.972046,37.43264
P7276,관악산,116200201,기타,기타,설명판,0,126.972072,37.432792
P7277,관악산,116200201,일명사지,기타,,0,126.972242,37.433003
P7278,관악산,116200201,돌다리,기타,,0,126.972326,37.433141
P7279,관악산,116200201,기타,기타,,0,126.973009,37.433458
P7280,관악산,116200201,기타,기타,,0,126.972952,37.433833
P7281,관악산,116200201,기타,기타,,0,126.972623,37.434471
P7282,관악산,116200201,기타,기타,,0,126.972558,37.435036
P7283,관악산,116200201,기타,기타,,0,126.972296,37.436638
P7284,관악산,116200201,5번째철탑,기타,,0,126.971319,37.438247
P7285,관악산,116200201,기타,기타,,0,126.97121,37.438479
P7286,관악산,116200201,기타,기타,우회로,0,126.97083,37.438933
P7287,관악산,116200201,"조망,새바위",조망점,시원한바람,0,126.970497,37.439259
P7288,관악산,116200201,긴급연락처,기타,,0,126.970201,37.439508
P7289,관악산,116200201,문원하폭포,기타,,0,126.970986,37.431463
P7290,관악산,116200201,"긴급연락처,두꺼비바위",기타,,0,126.968676,37.439832
P7291,관악산,116200201,긴급연락처,기타,연주암,0,126.967479,37.440277
P7292,관악산,116200201,기타,기타,겨울빙판,0,126.966487,37.440489
P7293,관악산,116200201,경고문,기타,,0,126.965995,37.440831
P7294,관악산,116200201,기타,기타,철거물,0,126.96589,37.440993
P7295,관악산,116200201,전신주,기타,,0,126.976529,37.424489
P7296,관악산,116200201,긴급연락처,기타,,0,126.970883,37.431585
P7297,관악산,116200201,"나무팻말,벙커",기타,,0,126.97575,37.425643
P7298,관악산,116200201,"안내판,묘지,벙커",안내판또는지도,계곡,0,126.975691,37.426128
P7299,관악산,116200201,기타,기타,,0,126.972968,37.426797
P7300,관악산,116200201,"조망,감시탑,T.P기준석",조망점,,0,126.97162,37.427351
P7301,관악산,116200201,송충이바위,기타,,0,126.970962,37.427971
P7302,관악산,116200201,기타,기타,,0,126.967717,37.429346
P7303,관악산,116200201,돌담,기타,,0,126.967154,37.429493
P7304,관악산,116200201,기타,기타,바위오름길,0,126.966751,37.429576
P7305,관악산,116200201,깔딱고개,기타,,0,126.964778,37.429555
P7306,관악산,116200201,산소,기타,,0,126.964396,37.429776
P7307,관악산,116200201,나무팻말,기타,,0,126.964357,37.430148
P7308,관악산,116200201,"벙커,울타리",기타,공무원연수원,0,126.975647,37.424806
P7309,관악산,116200201,기타,기타,,0,126.975555,37.424802
P7310,관악산,116200201,벙커,기타,,0,126.975341,37.424758
P7311,관악산,116200201,돌축대,기타,,0,126.975094,37.424736
P7312,관악산,116200201,"텃밭,테니스장",기타,공무원연수원,0,126.974852,37.424585
P7313,관악산,116200201,돌축대,기타,,0,126.974413,37.424471
P7314,관악산,116200201,철울타리,기타,,0,126.974187,37.424241
P7315,관악산,116200201,철울타리,기타,,0,126.972684,37.424874
P7316,관악산,116200201,철문,기타,잠겼음,0,126.972403,37.424823
P7317,관악산,116200201,기타,기타,,0,126.970605,37.425785
P7318,관악산,116200201,"안내판,문원상폭포,무당터",안내판또는지도,화장실,0,126.969995,37.43195
P7319,관악산,116200201,돌축대,기타,,0,126.970239,37.425873
P7320,관악산,116200201,로프,기타,,0,126.968324,37.425985
P7321,관악산,116200201,기타,기타,,0,126.967214,37.426563
P7322,관악산,116200201,기타,기타,,0,126.96605,37.427537
P7323,관악산,116200201,버섯바위,기타,,0,126.965954,37.427693
P7324,관악산,116200201,"조망,마당바위",조망점,,0,126.965818,37.428059
P7325,관악산,116200201,"조망,산소",조망점,특이함,0,126.96539,37.428564
P7326,관악산,116200201,깔딱고개,기타,,0,126.965146,37.429142
P7327,관악산,116200201,"조망,거북바위",조망점,,0,126.965112,37.429261
P7328,관악산,116200201,천막,기타,,0,126.97029,37.431549
P7329,관악산,116200201,마당바위,기타,,0,126.963988,37.429416
P7330,관악산,116200201,기타,기타,,0,126.963548,37.429737
P7331,관악산,116200201,"이정표,경계로프,돌계단",이정표,,0,126.96502,37.441972
P7332,관악산,116200201,"안내판,효령대군영정",안내판또는지도,도지정문화재,0,126.964875,37.441946
P7333,관악산,116200201,전신주,기타,,0,126.964587,37.44174
P7334,관악산,116200201,전신주,기타,,0,126.964308,37.441478
P7335,관악산,116200201,"전신주,돌계단,경계로프",기타,,0,126.963994,37.44101
P7336,관악산,116200201,긴급연락처,기타,육봉,0,126.967875,37.431305
P7337,관악산,116200201,목축대,기타,,0,126.964758,37.441904
P7338,관악산,116200201,경계목,기타,,0,126.964176,37.441713
P7339,관악산,116200201,경계목,기타,,0,126.964197,37.441887
P7340,관악산,116200201,전선,기타,,0,126.985685,37.433867
P7341,관악산,116200201,기타,기타,조수보호,0,126.985654,37.434114
P7342,관악산,116200201,경계로프,기타,,0,126.985683,37.43423
P7343,관악산,116200201,돌탑,기타,,0,126.985506,37.434971
P7344,관악산,116200201,긴급연락처,기타,첫번째봉,0,126.966182,37.430779
P7345,관악산,116200201,긴급연락처,기타,,0,126.985034,37.435742
P7346,관악산,116200201,"안내판,무당바위약수,무당바위",안내판또는지도,"1약수,애완동물..,수질검사",0,126.984918,37.435857
P7347,관악산,116200201,기타,기타,애완동물..,0,126.985058,37.436303
P7348,관악산,116200201,무당바위약수,기타,2약수,0,126.984932,37.43638
P7349,관악산,116200201,"공터,콘크리트",기타,,0,126.985266,37.436807
P7350,관악산,116200201,기타,기타,,0,126.984975,37.437902
P7351,관악산,116200201,긴급연락처,기타,,0,126.985063,37.438002
P7352,관악산,116200201,기타,기타,로프설치요,0,126.964941,37.430547
P7353,관악산,116200201,전경사진,기타,,0,126.993083,37.445816
P7354,관악산,116200201,웅덩이,기타,,0,126.992983,37.445423
P7355,관악산,116200201,벙커,기타,계곡,0,126.991148,37.442729
P7356,관악산,116200201,타이어,기타,,0,126.990426,37.4416
P7357,관악산,116200201,기타,기타,,0,126.988464,37.438676
P7358,관악산,116200201,연습바위,기타,15m직벽,0,126.964534,37.430606
P7359,관악산,116200201,기타,기타,,0,126.968472,37.443793
P7360,관악산,116200201,무당바위,기타,,0,126.967502,37.443652
P7361,관악산,116200201,"수질검사판,주의판,연주샘약수터,탱크시설",기타,,0,126.966827,37.443709
P7362,관악산,116200201,알림판,안내판또는지도,,0,126.966218,37.443913
P7363,관악산,116200201,전신주,기타,,0,126.976408,37.424786
P7364,관악산,116200201,물통,기타,덮어났음,0,126.991145,37.43515
P7365,관악산,116200201,기타,기타,,0,126.990859,37.435186
P7366,관악산,116200201,목계단,기타,불규칙,0,126.990692,37.435201
P7367,관악산,116200201,목계단,기타,불규칙,0,126.990119,37.435384
P7368,관악산,116200201,목계단,기타,길다,0,126.989709,37.435456
P7369,관악산,116200201,경계로프,기타,,0,126.98888,37.435698
P7370,관악산,116200201,목계단,기타,"로프시설,턱높다",0,126.988388,37.436202
P7371,관악산,116200201,"물개바위,침봉",기타,연습바위,0,126.963522,37.431062
P7372,관악산,116200201,경계로프,기타,,0,126.988302,37.436359
P7373,관악산,116200201,경계로프,기타,과천시내,0,126.988457,37.436653
P7374,관악산,116200201,경계로프,기타,,0,126.988346,37.437159
P7375,관악산,116200201,경계로프,기타,,0,126.987306,37.438444
P7376,관악산,116200201,경계로프,기타,,0,126.986466,37.438378
P7377,관악산,116200201,경계로프,기타,,0,126.985656,37.43835
P7378,관악산,116200201,경계로프,기타,,0,126.985416,37.438261
P7379,관악산,116200201,돌덩어리,기타,,0,126.984263,37.438729
P7380,관악산,116200201,기타,기타,,0,126.984011,37.438802
P7381,관악산,116200201,산불신고처,기타,엉성,0,126.983663,37.438718
P7382,관악산,116200201,"조망,긴급연락처",조망점,4-3(1봉),0,126.982255,37.438697
P7383,관악산,116200201,기타,기타,,0,126.982114,37.438924
P7384,관악산,116200201,기타,기타,동네분이용,0,126.981392,37.440653
P7385,관악산,116200201,기타,기타,,0,126.97922,37.442053
P7386,관악산,116200201,기타,기타,,0,126.977698,37.442876
P7387,관악산,116200201,마당바위,기타,1-4-샘터가는길구간,0,126.977777,37.443281
P7388,관악산,116200201,긴급연락처,기타,4-4(2봉),0,126.976314,37.443527
P7389,관악산,116200201,기타,기타,,0,126.975272,37.44367
P7390,관악산,116200201,벙커,기타,사용X,0,126.970571,37.446843
P7391,관악산,116200201,벙커,기타,,0,126.969997,37.447122
P7392,관악산,116200201,벙커,기타,,0,126.96982,37.447083
P7393,관악산,116200201,기타,기타,,0,126.96949,37.446865
P7394,관악산,116200201,기타,기타,,0,126.969305,37.446908
P7395,관악산,116200201,기타,기타,,0,126.968851,37.446738
P7396,관악산,116200201,기타,기타,,0,126.968324,37.445577
P7397,관악산,116200201,기타,기타,,0,126.968009,37.445052
P7398,관악산,116200201,전경사진,기타,,0,126.967036,37.445017
P7399,관악산,116200201,샘터,음수대,여름만이용,0,126.966558,37.444157
P7400,관악산,116200201,기타,기타,,0,126.966377,37.444175
P7401,관악산,116200201,석교,기타,,0,126.966159,37.444134
P7402,관악산,116200201,기타,기타,관양동,0,126.961975,37.431347
P7403,관악산,116200201,"안내판,암각문",안내판또는지도,,0,126.965864,37.443911
P7404,관악산,116200201,석교,기타,,0,126.965776,37.443808
P7405,관악산,116200201,기타,기타,법당지,0,126.965589,37.443515
P7406,관악산,116200201,"돌다리,전신주",기타,,0,126.96558,37.443411
P7407,관악산,116200201,전신주,기타,,0,126.965608,37.44329
P7408,관악산,116200201,전신주,기타,길구분없음,0,126.965515,37.443062
P7409,관악산,116200201,밧줄,기타,엉성,0,126.965394,37.442837
P7410,관악산,116200201,"전신주,배수시설",기타,통제요함,0,126.965299,37.44271
P7411,관악산,116200201,기타,기타,"불성사,경기소방",0,126.961796,37.431653
P7412,관악산,116200201,"군사시설,진입로",기타,묘지이장,0,126.970475,37.420146
P7413,관악산,116200201,기타,기타,,0,126.969509,37.419112
P7414,관악산,116200201,"안내판,콘크리트",안내판또는지도,,0,126.967475,37.418381
P7415,관악산,116200201,기타,기타,,0,126.966882,37.418121
P7416,관악산,116200201,기타,기타,관양동,0,126.966043,37.418124
P7417,관악산,116200201,기타,기타,,0,126.961709,37.432392
P7418,관악산,116200201,기타,기타,,0,126.963873,37.419289
P7419,관악산,116200201,기타,기타,,0,126.963575,37.419454
P7420,관악산,116200201,돌탑,기타,,0,126.963568,37.419651
P7421,관악산,116200201,"벤치,삼각점,운동기구",벤치,,0,126.963651,37.419787
P7422,관악산,116200201,기타,기타,,0,126.963504,37.419814
P7423,관악산,116200201,전경사진,기타,,0,126.963381,37.420046
P7424,관악산,116200201,T.P기준석,기타,,0,126.963226,37.420279
P7425,관악산,116200201,기타,기타,무당골,0,126.963166,37.420376
P7426,관악산,116200201,기타,기타,,0,126.963122,37.42047
P7427,관악산,116200201,기타,기타,,0,126.962639,37.421009
P7428,관악산,116200201,T.P기준석,기타,,0,126.961839,37.432605
P7429,관악산,116200201,기타,기타,"산악사고,관상약수",0,126.962595,37.42217
P7430,관악산,116200201,기타,기타,관상약수,0,126.962362,37.422663
P7431,관악산,116200201,"안내판,체력단련장,반딧불공원,관상약수터,산소",안내판또는지도,"알리는말씀,수질검사",0,126.962634,37.422882
P7432,관악산,116200201,기타,기타,,0,126.962291,37.423547
P7433,관악산,116200201,돌탑,기타,,0,126.962213,37.424002
P7434,관악산,116200201,기타,기타,군부대,0,126.962043,37.424406
P7435,관악산,116200201,기타,기타,,0,126.962082,37.424605
P7436,관악산,116200201,나무터널,기타,,0,126.96172,37.42501
P7437,관악산,116200201,기타,기타,,0,126.962037,37.433195
P7438,관악산,116200201,기타,기타,,0,126.961523,37.425264
P7439,관악산,116200201,암반길,기타,바윗길시작,0,126.961373,37.425404
P7440,관악산,116200201,기타,기타,,0,126.961321,37.42589
P7441,관악산,116200201,기타,기타,,0,126.96137,37.426253
P7442,관악산,116200201,기타,기타,,0,126.961615,37.427272
P7443,관악산,116200201,기타,기타,,0,126.96197,37.42795
P7444,관악산,116200201,기타,기타,과천시,0,126.961953,37.428236
P7445,관악산,116200201,전경사진,기타,,0,126.962075,37.429101
P7446,관악산,116200201,"수직벽,남근바위",기타,,0,126.961986,37.429829
P7447,관악산,116200201,기타,기타,,0,126.962121,37.430397
P7448,관악산,116200201,폐가,기타,흉측,0,126.969925,37.421343
P7449,관악산,116200201,텃밭,기타,,0,126.969679,37.421531
P7450,관악산,116200201,전경사진,기타,,0,126.96985,37.421889
P7451,관악산,116200201,기타,기타,,0,126.970292,37.422172
P7452,관악산,116200201,기타,기타,,0,126.969827,37.422596
P7453,관악산,116200201,산소,기타,,0,126.969401,37.422389
P7454,관악산,116200201,돌축대,기타,,0,126.969249,37.422577
P7455,관악산,116200201,돌축대,기타,,0,126.966959,37.423201
P7456,관악산,116200201,철봉,시설물(운동기구등),,0,126.966051,37.423738
P7457,관악산,116200201,기타,기타,우회길,0,126.962232,37.434209
P7458,관악산,116200201,쉼터,기타,,0,126.964933,37.423825
P7459,관악산,116200201,헬기장,헬기장,,0,126.962593,37.423513
P7460,관악산,116200201,기타,기타,계곡,0,126.986303,37.431624
P7461,관악산,116200201,"돌축대,철조망,전신주",기타,,0,126.986065,37.431827
P7462,관악산,116200201,기타,기타,,0,126.985893,37.432135
P7463,관악산,116200201,타이어돌탑,기타,,0,126.985518,37.432133
P7464,관악산,116200201,기타,기타,팔봉능선,0,126.961938,37.434355
P7465,관악산,116200201,개발제한비,기타,,0,126.984955,37.432328
P7466,관악산,116200201,기타,기타,,0,126.984627,37.432573
P7467,관악산,116200201,콘크리트,기타,,0,126.984265,37.432603
P7468,관악산,116200201,기타,기타,,0,126.983999,37.432841
P7469,관악산,116200201,기타,기타,,0,126.982964,37.433452
P7470,관악산,116200201,기타,기타,,0,126.982725,37.433768
P7471,관악산,116200201,긴급연락처,기타,2번째철탑,0,126.981867,37.434005
P7472,관악산,116200201,"긴급연락처,콘크리트,구국기봉",기타,"팔봉능선,1996년설치",0,126.961646,37.434712
P7473,관악산,116200201,철탑,기타,,0,126.978493,37.43597
P7474,관악산,116200201,기타,기타,,0,126.977919,37.436124
P7475,관악산,116200201,긴급연락처,기타,3번째철탑,0,126.977183,37.436539
P7476,관악산,116200201,기타,기타,,0,126.976304,37.437382
P7477,관악산,116200201,긴급연락처,기타,중간암릉길,0,126.975678,37.437091
P7478,관악산,116200201,콘크리트,기타,철탑철거자리,0,126.974114,37.4374
P7479,관악산,116200201,긴급연락처,기타,4번째철탑,0,126.973643,37.437597
P7480,관악산,116200201,철탑,기타,,0,126.973168,37.437653
P7481,관악산,116200201,기타,기타,로프설치요,0,126.972542,37.437484
P7482,관악산,116200201,"초소,전신주,주차장",기타,안정공묘,0,126.986601,37.430435
P7483,관악산,116200201,개발제한비,기타,주차장,0,126.986397,37.430548
P7484,관악산,116200201,전신주,기타,,0,126.986318,37.430823
P7485,관악산,116200201,콘크리트,기타,쓰레기,0,126.98581,37.431062
P7486,관악산,116200201,기타,기타,,0,126.985132,37.431115
P7487,관악산,116200201,기타,기타,,0,126.984722,37.431135
P7488,관악산,116200201,기타,기타,,0,126.984083,37.431408
P7489,관악산,116200201,기타,기타,,0,126.983465,37.43125
P7490,관악산,116200201,기타,기타,,0,126.98277,37.431379
P7491,관악산,116200201,기타,기타,산악사고..,0,126.961949,37.435079
P7492,관악산,116200201,전경사진,기타,,0,126.980891,37.432114
P7493,관악산,116200201,기타,기타,,0,126.980547,37.432205
P7494,관악산,116200201,표목,기타,,0,126.979224,37.43271
P7495,관악산,116200201,기타,기타,,0,126.978289,37.433327
P7496,관악산,116200201,돌탑,기타,,0,126.977745,37.433572
P7497,관악산,116200201,쉼터,기타,,0,126.976225,37.434123
P7498,관악산,116200201,쉼터,기타,,0,126.974617,37.435119
P7499,관악산,116200201,기타,기타,,0,126.974007,37.435174
P7500,관악산,116200201,기타,기타,청사울타리,0,126.977532,37.426461
P7501,관악산,116200201,콘크리트,기타,사용않함,0,126.97724,37.426865
P7502,관악산,116200201,콘크리트,기타,사용않함,0,126.976846,37.427832
P7503,관악산,116200201,기타,기타,육봉능선조망,0,126.976797,37.428236
P7504,관악산,116200201,돌탑,기타,,0,126.97647,37.429957
P7505,관악산,116200201,기타,기타,360도,0,126.974719,37.432159
P7506,관악산,116200201,기타,기타,,0,126.974622,37.432375
P7507,관악산,116200201,기타,기타,,0,126.97363,37.432428
P7508,관악산,116200201,기타,기타,,0,126.982272,37.444632
P7509,관악산,116200201,기타,기타,,0,126.981816,37.444023
P7510,관악산,116200201,전경사진,기타,,0,126.969903,37.446527
P7511,관악산,116200201,주차장,주차장,,0,126.993741,37.437709
P7512,관악산,116200201,텃밭,기타,,0,126.993704,37.437785
P7513,관악산,116200201,기타,기타,원래진입로,0,126.993643,37.438031
P7514,관악산,116200201,지적표시물,기타,,0,126.991379,37.43877
P7515,관악산,116200201,전경사진,기타,,0,126.990902,37.438876
P7516,관악산,116200201,장군바위,기타,횃불바위,0,126.96357,37.436905
P7517,관악산,116200201,기타,기타,,0,126.96913,37.432532
P7518,관악산,116200201,기타,기타,,0,126.968844,37.432767
P7519,관악산,116200201,"깔딱고개,표시목",기타,,0,126.962583,37.435235
P7520,관악산,116200201,기타,기타,,0,126.964126,37.437513
P7521,관악산,116200201,"물통,텃밭",기타,,0,126.99108,37.444708
P7522,관악산,116200201,산소,기타,,0,126.990594,37.444428
P7523,관악산,116200201,돌탑,기타,,0,126.989233,37.443514
P7524,관악산,116200201,기타,기타,분길,0,126.979817,37.446435
P7525,관악산,116200201,기타,기타,폐타이어,0,126.965055,37.43854
P7526,관악산,116200201,벙커,기타,흉함,0,126.97937,37.44674
P7527,관악산,116200201,기타,기타,,0,126.979026,37.447165
P7528,관악산,116200201,의자바위,벤치,,0,126.978518,37.447295
P7529,관악산,116200201,얼굴바위,기타,,0,126.978449,37.447435
P7530,관악산,116200201,기타,기타,분길,0,126.975594,37.44758
P7531,관악산,116200201,벙커,기타,,0,126.975456,37.447484
P7532,관악산,116200201,벙커,기타,,0,126.974825,37.447465
P7533,관악산,116200201,삼봉,기타,,0,126.974375,37.447573
P7534,관악산,116200201,벙커,기타,,0,126.973532,37.447794
P7535,관악산,116200201,벙커,기타,,0,126.972872,37.44795
P7536,관악산,116200201,사봉,기타,,0,126.972621,37.447799
P7537,관악산,116200201,벙커,기타,,0,126.972523,37.447682
P7538,관악산,116200201,벙커,기타,,0,126.972281,37.447688
P7539,관악산,116200201,기타,기타,,0,126.971183,37.447629
P7540,관악산,116200201,기타,기타,,0,126.970602,37.447352
P7541,관악산,116200201,무당터,기타,,0,126.982491,37.445001
P7542,관악산,116200201,기타,기타,360도,0,126.965252,37.438968
P7543,관악산,116200201,전신철봉,기타,,0,126.991476,37.446369
P7544,관악산,116200201,"산소,벙커",기타,,0,126.991408,37.446264
P7545,관악산,116200201,"벙커,산소",기타,,0,126.991084,37.445995
P7546,관악산,116200201,산소,기타,,0,126.990813,37.445731
P7547,관악산,116200201,벙커,기타,,0,126.99069,37.445652
P7548,관악산,116200201,벙커,기타,,0,126.990142,37.445538
P7549,관악산,116200201,벙커,기타,,0,126.989887,37.44567
P7550,관악산,116200201,벙커,기타,,0,126.989445,37.445795
P7551,관악산,116200201,벙커,기타,,0,126.989015,37.445615
P7552,관악산,116200201,기타,기타,,0,126.965205,37.439073
P7553,관악산,116200201,T.P기준석,기타,,0,126.988802,37.445572
P7554,관악산,116200201,벙커,기타,,0,126.988528,37.445406
P7555,관악산,116200201,"체력단련장,정원약수",기타,,0,126.984863,37.444242
P7556,관악산,116200201,기타,기타,,0,126.982131,37.444735
P7557,관악산,116200201,기타,기타,,0,126.973839,37.446536
P7558,관악산,116200201,헬기장2,헬기장,,0,126.965049,37.43933
P7559,관악산,116200201,그네,기타,"개인설치,웅덩이,쓰레기",0,126.989276,37.434168
P7560,관악산,116200201,기타,기타,,0,126.988747,37.435005
P7561,관악산,116200201,기타,기타,,0,126.970177,37.432766
P7562,관악산,116200201,전경사진,기타,,0,126.968907,37.434734
P7563,관악산,116200201,"긴급연락처,돌탑",기타,"헬기장2,폐쇄길",0,126.964929,37.439638
P7564,관악산,116200201,TP기준석,기타,,0,126.965,37.436319
P7565,관악산,116200201,기타,기타,,0,126.964676,37.436595
P7566,관악산,116200201,돌탑,기타,,0,126.985538,37.430446
P7567,관악산,116200201,돌축대,기타,,0,126.985434,37.430604
P7568,관악산,116200201,돌축대,기타,,0,126.98524,37.430857
P7569,관악산,116200201,기타,기타,8부길,0,126.964715,37.439658
P7570,관악산,116200201,기타,기타,,0,126.966333,37.440226
P7571,관악산,116200201,해골바위,기타,,0,126.96631,37.440129
P7572,관악산,116200201,6번째철탑,기타,,0,126.965935,37.439949
P7573,관악산,116200201,기타,기타,타이어,0,126.965842,37.439836
P7574,관악산,116200201,기타,기타,,0,126.965398,37.439624
P7575,관악산,116200201,기타,기타,,0,126.965356,37.439594
P7576,관악산,116200201,기타,기타,,0,126.96527,37.439538
P7577,관악산,116200201,돌탑,기타,,0,126.965099,37.439458
P7578,관악산,116200201,기타,기타,"폐쇄조치要,이정표要",0,126.964423,37.439742
P7579,관악산,116200201,쉼터,기타,,0,126.970907,37.435356
P7580,관악산,116200201,기타,기타,,0,126.970903,37.435507
P7581,관악산,116200201,기타,기타,,0,126.970942,37.435943
P7582,관악산,116200201,"석축,호스,KBS송신소",기타,"KBS송신소,낙석",0,126.964145,37.439924
P7583,관악산,116200201,평상바위,기타,,0,126.970064,37.436328
P7584,관악산,116200201,돌축대,기타,,0,126.968988,37.436878
P7585,관악산,116200201,돌축대,기타,,0,126.966762,37.438359
P7586,관악산,116200201,기타,기타,미끄러움,0,126.967157,37.440365
P7587,관악산,116200201,표시목,기타,,0,126.966817,37.440739
P7588,관악산,116200201,소각장,기타,연주암,0,126.966315,37.440884
P7589,관악산,116200201,"초소,공용취사장",기타,,0,126.976451,37.425219
P7590,관악산,116200201,"돌계단,울타리",기타,"노후,KBS송신소",0,126.963903,37.440054
P7591,관악산,116200201,콘크리트,기타,,0,126.981062,37.436084
P7592,관악산,116200201,전경사진,기타,,0,126.980443,37.435614
P7593,관악산,116200201,철조망,기타,,0,126.986127,37.431472
P7594,관악산,116200201,개발제한비,기타,,0,126.985437,37.431516
P7595,관악산,116200201,기타,기타,케이블능선,0,126.978757,37.434733
P7596,관악산,116200201,"전신주,돌계단",기타,,0,126.963856,37.440176
P7597,관악산,116200201,기타,기타,,0,126.968848,37.432494
P7598,관악산,116200201,절터,기타,,0,126.96846,37.432527
P7599,관악산,116200201,전경사진,기타,,0,126.96669,37.432909
P7600,관악산,116200201,돌축대,기타,,0,126.965837,37.432942
P7601,관악산,116200201,기타,기타,,0,126.965259,37.433279
P7602,관악산,116200201,기타,기타,목교,0,126.976611,37.439654
P7603,관악산,116200201,전경사진,기타,,0,126.976526,37.440012
P7604,관악산,116200201,콘크리트,기타,,0,126.976484,37.44046
P7605,관악산,116200201,전신주,기타,,0,126.973617,37.441644
P7606,관악산,116200201,전경사진,기타,,0,126.972497,37.442083
P7607,관악산,116200201,기타,기타,,0,126.972154,37.442402
P7608,관악산,116200201,기타,기타,,0,126.970459,37.443164
P7609,관악산,116200201,기타,기타,,0,126.968734,37.442116
P7610,관악산,116200201,로봇바위,기타,,0,126.968503,37.441836
P7611,관악산,116200201,"헬기장,경계목",헬기장,,0,126.964837,37.442554
P7612,관악산,116200201,경계목,기타,,0,126.964564,37.442299
P7613,관악산,116200201,경계목,기타,,0,126.964449,37.442224
P7614,관악산,116200201,기타,기타,직벽,0,126.963471,37.441311
P7615,관악산,116200201,기타,기타,360도,0,126.963541,37.441849
P7616,관악산,116200201,"현위치간판,말바위",기타,,0,126.964253,37.442991
P7617,관악산,116200201,"안내판,경계구역판",안내판또는지도,,0,126.976565,37.425281
P7618,관악산,116200201,기타,기타,기상관측소,0,126.964179,37.443312
P7619,관악산,116200201,기타,기타,,0,126.965556,37.444084
P7620,관악산,116200201,기타,기타,,0,126.965841,37.444171
P7621,관악산,116200201,기타,기타,,0,126.965946,37.444755
P7622,관악산,116200201,전경사진,기타,,0,126.986407,37.433749
P7623,관악산,116200201,기타,기타,,0,126.964096,37.443669
P7624,관악산,116200201,기타,기타,,0,126.976219,37.425582
P7625,관악산,116200201,기타,기타,폐쇄구간,0,126.964277,37.443799
P7626,관악산,116200201,"전신주,울타리",기타,연주대,0,126.964419,37.444209
P7627,관악산,116200201,전신주,기타,,0,126.964155,37.444348
P7628,관악산,116200201,"긴급연락처,기상관측소,콘크리트,통신로장비",기타,"전신주복잡,서울대방향",0,126.964215,37.444625
P7629,관악산,116200201,"경관안내도,119현위치,경계울타리,공터,군사시설,관악산비",안내판또는지도,"연주암안내,산악사고..,과천시,끝,연주대방향,통신시설",0,126.96418,37.444987
P7630,관악산,116200201,관악산,기타,"기도실,연주대설명,경고문,위험구간",0,126.964291,37.445195
P7631,관악산,116200201,"안내판,삼각점,안전로프,피뢰침,막걸리장사",안내판또는지도,"1975년,잡상인물건,삼각점설명",0,126.964302,37.445336
P7632,관악산,116200201,"안내문판,목교",안내판또는지도,시작,0,126.976641,37.425595
P7633,관악산,116200201,기타,기타,로프설치,0,126.964481,37.445404
P7634,관악산,116200201,쉼터,기타,소나무,0,126.964642,37.445622
P7635,관악산,116200201,기타,기타,"로프구간,로프철수",0,126.964728,37.445806
P7636,관악산,116200201,현위치간판,기타,관악문(상),0,126.965814,37.446276
P7637,관악산,116200201,기타,기타,한강,0,126.965831,37.446441
P7638,관악산,116200201,기타,기타,,0,126.966467,37.446093
P7639,관악산,116200201,안전로프,기타,쇠,0,126.967436,37.446247
P7640,관악산,116200201,"관악문,지도바위,눈사람바위,로프",기타,,0,126.967572,37.446424
P7641,관악산,116200201,현위치간판,기타,관악문(하),0,126.967795,37.446484
P7642,관악산,116200201,목교,기타,끝,0,126.976785,37.425719
P7643,관악산,116200201,기타,기타,과천시내,0,126.968119,37.4466
P7644,관악산,116200201,로프,기타,,0,126.968235,37.446734
P7645,관악산,116200201,기타,기타,미끄럼지역,0,126.968519,37.446796
P7646,관악산,116200201,국사봉,기타,문원폭포,0,126.962056,37.435461
P7647,관악산,116200201,분기점,분기점,,0,126.962241,37.433992
P7648,관악산,116200201,분기점,분기점,자연학습장,0,126.962329,37.423644
P7649,관악산,116200201,국기봉,기타,"관양동,경기소방,'97년설치,안양시",0,126.962456,37.431112
P7650,관악산,116200201,분기점,분기점,우회길,0,126.963077,37.431062
P7651,관악산,116200201,전신주,기타,고압선,0,126.96349,37.440987
P7652,관악산,116200201,전신주,기타,고압선,0,126.963938,37.440738
P7653,관악산,116200201,전신주,기타,기상관측소,0,126.964013,37.441282
P7654,관악산,116200201,전신주,기타,기상관측소,0,126.96409,37.44137
P7655,관악산,116200201,목계단,기타,,0,126.964211,37.442162
P7656,관악산,116200201,목계단,기타,,0,126.964268,37.442147
P7657,관악산,116200201,분기점,분기점,"경고문,백운정사",0,126.964289,37.430372
P7658,관악산,116200201,분기점,분기점,,0,126.964387,37.437529
P7659,관악산,116200201,분기점,분기점,"지하벙커,연주암",0,126.964449,37.444137
P7660,관악산,116200201,분기점,분기점,폐쇄등산로,0,126.96469,37.443178
P7661,관악산,116200201,"돌계단,고무호스",기타,"불규칙,서울대",0,126.964759,37.441774
P7662,관악산,116200201,분기점,분기점,연수원뒷길,0,126.964769,37.429409
P7663,관악산,116200201,막걸리장사,기타,,0,126.964857,37.438351
P7664,관악산,116200201,분기점,분기점,연수원뒷길,0,126.964926,37.42934
P7665,관악산,116200201,"돌계단,고무호스",기타,"불규칙,서울대",0,126.965138,37.441981
P7666,관악산,116200201,분기점,분기점,"재검토요함,이용객없음,서울대방향",0,126.965293,37.445966
P7667,관악산,116200201,"이정표,초소,영산전",이정표,"창고로사용,기도실,관악사지",0,126.965305,37.442578
P7668,관악산,116200201,"삼층석탑,연주암,커피자판기",기타,"대웅전,500원,문원폭포",0,126.96545,37.441585
P7669,관악산,116200201,분기점,분기점,,0,126.965592,37.438547
P7670,관악산,116200201,"삼층석탑,연주암,커피자판기",기타,"대웅전,500원,문원폭포",0,126.965611,37.441553
P7671,관악산,116200201,"안내판,관악사지,우물터",안내판또는지도,"관악-1연결,연주샘,관악사지,법당지",0,126.965687,37.443598
P7672,관악산,116200201,"안내판,관악사지,우물터",안내판또는지도,"관악-1연결,연주샘,관악사지,법당지",0,126.965761,37.443684
P7673,관악산,116200201,분기점,분기점,8봉능선,0,126.96696,37.440182
P7674,관악산,116200201,분기점,분기점,,0,126.967396,37.441086
P7675,관악산,116200201,분기점,분기점,하산길,0,126.967575,37.445132
P7676,관악산,116200201,분기점,분기점,연주샘방향,0,126.968901,37.443547
P7677,관악산,116200201,긴급연락처,기타,"4-5-삼거리,관악사지,헬기장",0,126.968935,37.446812
P7678,관악산,116200201,긴급연락처,기타,"4-5-삼거리,관악사지,헬기장",0,126.968968,37.446908
P7679,관악산,116200201,긴급연락처,기타,"4-5-삼거리,관악사지,헬기장",0,126.96926,37.447004
P7680,관악산,116200201,"안내판,전신주,석축,경계로프",안내판또는지도,"화장실,안내지도,경계구역..,노후,연주샘,붕괴조짐",0,126.969431,37.443146
P7681,관악산,116200201,분기점,분기점,,0,126.969549,37.432322
P7682,관악산,116200201,"안내판,자연학습장,밤나무단지,진입도로",안내판또는지도,"야생화,과천시",0,126.970053,37.420894
P7683,관악산,116200201,분기점,분기점,"중기청하산,방치중",0,126.970224,37.431209
P7684,관악산,116200201,"조망,벙커,헬기장,군사시설",조망점,"용마골,사당동,분길",0,126.970317,37.447141
P7685,관악산,116200201,샘터,음수대,"일명사지,5번째철탑",0,126.970385,37.431883
P7686,관악산,116200201,샘터,음수대,"일명사지,5번째철탑",0,126.970653,37.431788
P7687,관악산,116200201,샘터,음수대,"일명사지,5번째철탑",0,126.97078,37.431836
P7688,관악산,116200201,샘터,음수대,"일명사지,5번째철탑",0,126.970831,37.431721
P7689,관악산,116200201,분기점,분기점,관악-1-능선2,0,126.970919,37.435742
P7690,관악산,116200201,분기점,분기점,,0,126.971149,37.446381
P7691,관악산,116200201,긴급연락처,기타,계곡하산길,0,126.971405,37.438014
P7692,관악산,116200201,분기점,분기점,육봉방향,0,126.971973,37.429342
P7693,관악산,116200201,"조망,긴급연락처,쉼터",조망점,"구세군,쓰레기발생,모래유실",0,126.97197,37.437402
P7694,관악산,116200201,"긴급연락처,T.P기준석",기타,과천시청,0,126.972565,37.435363
P7695,관악산,116200201,분기점,분기점,성묘,0,126.973132,37.433557
P7696,관악산,116200201,"안내판,철조망",안내판또는지도,"안내문,계곡하산길",0,126.97403,37.447718
P7697,관악산,116200201,분기점,분기점,1-3구간,0,126.974168,37.441678
P7698,관악산,116200201,"안내판,철조망",안내판또는지도,"안내문,계곡하산길",0,126.974373,37.447573
P7699,관악산,116200201,"안내판,백운정사,산신각",안내판또는지도,공사중,0,126.975606,37.425428
P7700,관악산,116200201,"전기시설,전신주,돌계단",기타,불규칙,0,126.975912,37.441146
P7701,관악산,116200201,"안내판,공터,돌계단,전신주",안내판또는지도,"족구장,전선줄위험,분길,연수원뒷길",0,126.976126,37.425056
P7702,관악산,116200201,"안내판,공터,돌계단,전신주",안내판또는지도,"족구장,전선줄위험,분길,연수원뒷길",0,126.976336,37.425148
P7703,관악산,116200201,"안내판,공터,돌계단,전신주",안내판또는지도,"족구장,전선줄위험,분길,연수원뒷길",0,126.976415,37.42516
P7704,관악산,116200201,시종점,시종점,,1,126.976484,37.433869
P7705,관악산,116200201,분기점,분기점,,0,126.976695,37.433899
P7706,관악산,116200201,"성묘설명판,성묘",안내판또는지도,,0,126.976795,37.426134
P7707,관악산,116200201,시종점,시종점,"입산통제..,백운정사",1,126.977241,37.423589
P7708,관악산,116200201,"벤치,돌계단,경계로프",벤치,,0,126.977284,37.439547
P7709,관악산,116200201,시종점,시종점,,1,126.977486,37.471449
P7710,관악산,116200201,분기점,분기점,능선길,0,126.977607,37.443054
P7711,관악산,116200201,분기점,분기점,"과천향교,높이1m",0,126.980233,37.435031
P7712,관악산,116200201,"안내판,경계목,전신주",안내판또는지도,"뒤면내용없음,자연발효,새소리..",0,126.981173,37.436114
P7713,관악산,116200201,샘터,음수대,,0,126.982374,37.444715
P7714,관악산,116200201,샘터,음수대,,0,126.982412,37.444838
P7715,관악산,116200201,분기점,분기점,,0,126.982575,37.445718
P7716,관악산,116200201,분기점,분기점,신규WP,0,126.984972,37.431084
P7717,관악산,116200201,"조망,감시초소,콘크리트",조망점,"산불예방,무당약수터,쓰레기,?",0,126.984996,37.438239
P7718,관악산,116200201,석축대,기타,계곡오름길,0,126.985476,37.443999
P7719,관악산,116200201,경계로프,기타,,0,126.985817,37.434001
P7720,관악산,116200201,분기점,분기점,고정않됨,0,126.986142,37.444806
P7721,관악산,116200201,시종점,시종점,강씨종친회,1,126.986266,37.429954
P7722,관악산,116200201,시종점,시종점,,1,126.986734,37.431598
P7723,관악산,116200201,"안내판,콘크리트계단",안내판또는지도,,0,126.986917,37.433345
P7724,관악산,116200201,시종점,시종점,,1,126.986972,37.431538
P7725,관악산,116200201,시종점,시종점,10대명당,1,126.987268,37.430114
P7726,관악산,116200201,"벤치,공터",벤치,용마골,0,126.988019,37.438293
P7727,관악산,116200201,"벤치,표석",벤치,1쉼터,0,126.98859,37.435788
P7728,관악산,116200201,시종점,시종점,관악산화장실,1,126.988823,37.433663
P7729,관악산,116200201,시종점,시종점,"과천교회,로프시설",1,126.991136,37.434915
P7730,관악산,116200201,시종점,시종점,,1,126.991365,37.446688
P7731,관악산,116200201,시종점,시종점,"주택집,콘테이너박스",1,126.991468,37.445262
P7732,관악산,116200201,시종점,시종점,,1,126.993465,37.446933
P7733,관악산,116200201,시종점,시종점,,1,126.993761,37.437425
P7734,관악산,116200201,분기점,분기점,,0,126.964294,37.445196
P7735,관악산,116200201,분기점,분기점,,0,126.972604,37.447822
P100646,관악산,116200201,이정표,이정표,,0,126.97025,37.461317
P100647,관악산,116200201,이정표,이정표,,0,126.969333,37.45955
P100648,관악산,116200201,119,안내판또는지도,,0,126.9698,37.449267
P100649,관악산,116200201,위험지역,위험지역,,0,126.968783,37.450633
P100650,관악산,116200201,119,안내판또는지도,,0,126.966783,37.453483
P100651,관악산,116200201,119,안내판또는지도,,0,126.966067,37.456433
P100652,관악산,116200201,119,안내판또는지도,,0,126.968267,37.45895
P100653,관악산,116200201,이정표,이정표,,0,126.968817,37.459367
P7736,관악산,116200604,계단끝,기타,,0,126.94157,37.451248
P7737,관악산,116200604,계단끝,기타,,0,126.938983,37.448967
P7738,관악산,116200604,다리,기타,,0,126.943968,37.454052
P7739,관악산,116200604,계단시작,기타,,0,126.937811,37.447716
P7740,관악산,116200604,119 K15,기타,,0,126.93785,37.442533
P7741,관악산,116200604,제2광장,기타,,0,126.944892,37.455017
P7742,관악산,116200604,계단시작,기타,,0,126.938556,37.448459
P7743,관악산,116200604,화장실,화장실,,0,126.947757,37.463067
P7744,관악산,116200604,테니스장,기타,,0,126.9477,37.460983
P7745,관악산,116200604,제1광장,기타,,0,126.946971,37.459123
P7746,관악산,116200604,다리,기타,,0,126.937353,37.446538
P7747,관악산,116200604,게이틀볼장,시설물(운동기구 등),,0,126.946205,37.457844
P7748,관악산,116200604,계단끝,기타,,0,126.938204,37.448115
P7749,관악산,116200604,계단시작,기타,,0,126.939599,37.449612
P7750,관악산,116200604,계단시작,기타,,0,126.942867,37.4519
P7751,관악산,116200604,계단끝,기타,,0,126.937383,37.447167
P7752,관악산,116200604,시종점,시종점,,1,126.933033,37.452317
P7753,관악산,116200604,분기점,분기점,,0,126.938385,37.450577
P7754,관악산,116200604,분기점,분기점,,0,126.938839,37.448867
P7755,관악산,116200604,분기점,분기점,,0,126.938967,37.450833
P7756,관악산,116200604,분기점,분기점,,0,126.939533,37.449617
P7757,관악산,116200604,분기점,분기점,,0,126.939644,37.451115
P7758,관악산,116200604,분기점,분기점,,0,126.940603,37.436725
P7759,관악산,116200604,분기점,분기점,,0,126.940697,37.436107
P7760,관악산,116200604,분기점,분기점,,0,126.943536,37.454043
P7761,관악산,116200604,분기점,분기점,,0,126.944117,37.454183
P7762,관악산,116200604,시종점,시종점,,1,126.94425,37.4401
P7763,관악산,116200604,분기점,분기점,,0,126.94496,37.455129
P7764,관악산,116200604,시종점,시종점,,1,126.947127,37.44677
P7765,관악산,116200604,시종점,시종점,,1,126.947976,37.440796
P7766,관악산,116200604,시종점,시종점,,1,126.94798,37.46384
P95978,관악산,116200604,"정자, 벤치",정자,,0,126.94555,37.4562
P95979,관악산,116200604,벤치,벤치,,0,126.943542,37.452394
P95980,관악산,116200604,안내판또는지도,안내판또는지도,,0,126.94085,37.450517
P7767,관악산,116200704,상봉약수터,음수대,,0,126.9691,37.461333
P7768,관악산,116200704,계단,기타,,0,126.963533,37.468517
P7769,관악산,116200704,119 K30,기타,,0,126.96905,37.46195
P7770,관악산,116200704,천지약수,기타,,0,126.963067,37.465117
P7771,관악산,116200704,인현고등학교,기타,,0,126.969833,37.47115
P7772,관악산,116200704,사당초등학교,기타,,0,126.97385,37.473317
P7773,관악산,116200704,관악산입구,기타,,0,126.9714,37.472283
P7774,관악산,116200704,시종점,시종점,,1,126.959222,37.465109
P7775,관악산,116200704,시종점,시종점,,1,126.963067,37.472567
P7776,관악산,116200704,분기점,분기점,,0,126.964467,37.46575
P7777,관악산,116200704,시종점,시종점,,1,126.966116,37.468612
P7778,관악산,116200704,분기점,분기점,,0,126.968254,37.462676
P7779,관악산,116200704,분기점,분기점,,0,126.96875,37.463217
P7780,관악산,116200704,분기점,분기점,,0,126.969083,37.4619
P7781,관악산,116200704,시종점,시종점,,1,126.969454,37.471459
P7782,관악산,116200704,시종점,시종점,,1,126.969551,37.469803
P7783,관악산,116200704,분기점,분기점,,0,126.970807,37.471363
P7784,관악산,116200704,시종점,시종점,,1,126.971533,37.463183
P7785,관악산,116200704,분기점,분기점,,0,126.972945,37.465574
P7786,관악산,116200704,분기점,분기점,,0,126.973325,37.466041
P7787,관악산,116200704,분기점,분기점,,0,126.974264,37.464443
P7788,관악산,116200704,분기점,분기점,,0,126.974703,37.466013
P7789,관악산,116200704,분기점,분기점,,0,126.975006,37.46691
P7790,관악산,116200704,시종점,시종점,,1,126.975362,37.473026
P7791,관악산,116200704,분기점,분기점,,0,126.975783,37.471333
P7792,관악산,116200704,분기점,분기점,,0,126.976033,37.471267
P7793,관악산,116200704,분기점,분기점,,0,126.9762,37.465383
P7794,관악산,116200704,분기점,분기점,,0,126.976495,37.468286
P7795,관악산,116200704,분기점,분기점,,0,126.976724,37.47094
P7796,관악산,116200704,분기점,분기점,,0,126.977102,37.467406
P7797,관악산,116200704,분기점,분기점,,0,126.977241,37.470733
P7798,관악산,116200704,분기점,분기점,,0,126.977286,37.470511
P7799,관악산,116200704,분기점,분기점,,0,126.97744,37.470943
P7800,관악산,116200704,분기점,분기점,,0,126.977933,37.466217
P7801,관악산,116200704,시종점,시종점,,1,126.978191,37.467201
P7802,관악산,116200704,분기점,분기점,,0,126.978265,37.466509
P7803,관악산,116200704,분기점,분기점,,0,126.978367,37.469083
P7804,관악산,116200704,시종점,시종점,,1,126.978378,37.472677
P7805,관악산,116200704,분기점,분기점,,0,126.97855,37.466183
P95981,관악산,116200704,훼손지,훼손지,,0,126.963583,37.472167
P95982,관악산,116200704,조망점,조망점,,0,126.9644,37.4663
P95983,관악산,116200704,위험지역,위험지역,,0,126.976109,37.465384
P7886,관악산,116200904,KBS기지국,기타,,0,126.963533,37.4409
P7887,관악산,116200904,119 K44,기타,,0,126.959033,37.440417
P7888,관악산,116200904,119 K45,기타,,0,126.962167,37.440633
P7889,관악산,116200904,안내도,안내판또는지도,,0,126.947705,37.441891
P7890,관악산,116200904,119 K64,기타,,0,126.94885,37.4389
P7891,관악산,116200904,119 K43,기타,,0,126.9473,37.445283
P7892,관악산,116200904,안내판,안내판또는지도,,0,126.947583,37.443833
P7893,관악산,116200904,다리필요,기타,,0,126.94765,37.442667
P7894,관악산,116200904,119 K46,기타,,0,126.955467,37.4391
P7895,관악산,116200904,119 K10,기타,,0,126.947956,37.440875
P7896,관악산,116200904,119 K75,기타,,0,126.95265,37.447333
P7897,관악산,116200904,버스정류장,기타,,0,126.951799,37.448152
P7898,관악산,116200904,119 K75,기타,,0,126.95265,37.447334
P7899,관악산,116200904,버스정류장,기타,,0,126.951966,37.448384
P7900,관악산,116200904,계단,기타,,0,126.952116,37.447517
P7901,관악산,116200904,119 K75,기타,,0,126.95476,37.44454
P7902,관악산,116200904,버스정류장,기타,,0,126.954077,37.445591
P7903,관악산,116200904,계단,기타,,0,126.954227,37.444724
P7904,관악산,116200904,시종점,시종점,,1,126.938633,37.440767
P7905,관악산,116200904,시종점,시종점,,1,126.944952,37.455135
P7906,관악산,116200904,시종점,시종점,,1,126.947053,37.447473
P7907,관악산,116200904,분기점,분기점,,0,126.947377,37.44543
P7908,관악산,116200904,분기점,분기점,,0,126.947533,37.454133
P7909,관악산,116200904,분기점,분기점,,0,126.948466,37.444466
P7910,관악산,116200904,시종점,시종점,,1,126.949467,37.451967
P7911,관악산,116200904,시종점,시종점,,1,126.949573,37.445675
P7912,관악산,116200904,분기점,분기점,,0,126.952233,37.447967
P7913,관악산,116200904,분기점,분기점,,0,126.952583,37.447399
P7914,관악산,116200904,분기점,분기점,,0,126.952919,37.446487
P7915,관악산,116200904,시종점,시종점,,1,126.953191,37.453022
P7916,관악산,116200904,분기점,분기점,,0,126.953497,37.44592
P7917,관악산,116200904,분기점,분기점,,0,126.953717,37.442333
P7918,관악산,116200904,분기점,분기점,,0,126.95395,37.4428
P7919,관악산,116200904,분기점,분기점,,0,126.954324,37.439231
P7920,관악산,116200904,시종점,시종점,,1,126.954883,37.4499
P7921,관악산,116200904,시종점,시종점,,1,126.955277,37.443174
P7922,관악산,116200904,분기점,분기점,,0,126.955617,37.439033
P7923,관악산,116200904,분기점,분기점,,0,126.96325,37.440967
P7924,관악산,116200904,시종점,시종점,,1,126.963866,37.440594
P7925,관악산,116200904,시종점,시종점,,1,126.964183,37.4422
P7926,관악산,116200904,시종점,시종점,,1,126.96441,37.445282
P95991,관악산,116200904,훼손지,훼손지,,0,126.9468,37.4542
P95992,관악산,116200904,벤치,벤치,,0,126.947867,37.453733
P95993,관악산,116200904,훼손지,훼손지,,0,126.947583,37.454083
P95994,관악산,116200904,조망점,조망점,,0,126.95415,37.439383
P95995,관악산,116200904,조망점,조망점,,0,126.95195,37.439633
P95996,관악산,116200904,조망점,조망점,,0,126.958717,37.439933
P95997,관악산,116200904,위험지역,위험지역,,0,126.95475,37.439233
P95998,관악산,116200904,음수대,음수대,,0,126.953683,37.444433
P44700,북한산,113050202,시종점,시종점,,1,126.932745,37.622036
P44701,북한산,113050202,시종점,시종점,,1,126.933918,37.6143
P44702,북한산,113050202,분기점,분기점,,0,126.934785,37.621825
P44703,북한산,113050202,분기점,분기점,,0,126.935019,37.614771
P44704,북한산,113050202,분기점,분기점,,0,126.936625,37.620216
P44705,북한산,113050202,분기점,분기점,,0,126.938771,37.621996
P44706,북한산,113050202,분기점,분기점,,0,126.938868,37.621824
P44707,북한산,113050202,시종점,시종점,,1,126.939779,37.644513
P44708,북한산,113050202,분기점,분기점,,0,126.940652,37.644654
P44709,북한산,113050202,분기점,분기점,,0,126.942531,37.618511
P44710,북한산,113050202,시종점,시종점,,1,126.943268,37.640761
P44711,북한산,113050202,분기점,분기점,,0,126.943381,37.615243
P44712,북한산,113050202,시종점,시종점,,1,126.943382,37.614047
P44713,북한산,113050202,분기점,분기점,,0,126.943824,37.618498
P44714,북한산,113050202,분기점,분기점,,0,126.944035,37.643632
P44715,북한산,113050202,분기점,분기점,,0,126.944365,37.618974
P44716,북한산,113050202,분기점,분기점,,0,126.94445,37.625593
P44717,북한산,113050202,분기점,분기점,,0,126.944633,37.619864
P44718,북한산,113050202,분기점,분기점,,0,126.94463,37.623422
P44719,북한산,113050202,시종점,시종점,,1,126.945127,37.610748
P44720,북한산,113050202,분기점,분기점,,0,126.945487,37.613886
P44721,북한산,113050202,시종점,시종점,,1,126.946439,37.658402
P44722,북한산,113050202,분기점,분기점,,0,126.946641,37.627088
P44723,북한산,113050202,분기점,분기점,,0,126.946785,37.642763
P44724,북한산,113050202,분기점,분기점,,0,126.947294,37.651961
P44725,북한산,113050202,시종점,시종점,,1,126.947782,37.658936
P44726,북한산,113050202,분기점,분기점,,0,126.947852,37.622143
P44727,북한산,113050202,시종점,시종점,,1,126.94786,37.61072
P44728,북한산,113050202,분기점,분기점,,0,126.948349,37.615204
P44729,북한산,113050202,분기점,분기점,,0,126.949223,37.655188
P44730,북한산,113050202,분기점,분기점,,0,126.94927,37.642924
P44731,북한산,113050202,분기점,분기점,,0,126.950047,37.618123
P44732,북한산,113050202,분기점,분기점,,0,126.95047,37.654845
P44733,북한산,113050202,분기점,분기점,,0,126.95096,37.65493
P44734,북한산,113050202,분기점,분기점,,0,126.951001,37.654456
P44735,북한산,113050202,시종점,시종점,,1,126.951043,37.662396
P44736,북한산,113050202,분기점,분기점,,0,126.951241,37.658719
P44737,북한산,113050202,분기점,분기점,,0,126.951641,37.652991
P44738,북한산,113050202,분기점,분기점,,0,126.951673,37.625272
P44739,북한산,113050202,분기점,분기점,,0,126.952076,37.662176
P44740,북한산,113050202,시종점,시종점,,1,126.952687,37.614248
P44741,북한산,113050202,분기점,분기점,,0,126.953023,37.651537
P44742,북한산,113050202,분기점,분기점,,0,126.953447,37.623514
P44743,북한산,113050202,분기점,분기점,,0,126.953812,37.652685
P44744,북한산,113050202,시종점,시종점,,1,126.95387,37.656875
P44745,북한산,113050202,분기점,분기점,,0,126.954294,37.622145
P44746,북한산,113050202,분기점,분기점,,0,126.954362,37.625737
P44747,북한산,113050202,분기점,분기점,,0,126.954737,37.652798
P44748,북한산,113050202,시종점,시종점,,1,126.955071,37.669597
P44749,북한산,113050202,시종점,시종점,,1,126.955092,37.670076
P44750,북한산,113050202,시종점,시종점,,1,126.955695,37.674525
P44751,북한산,113050202,분기점,분기점,,0,126.955837,37.653503
P44752,북한산,113050202,분기점,분기점,,0,126.955949,37.670623
P44753,북한산,113050202,시종점,시종점,,1,126.956648,37.608574
P44754,북한산,113050202,시종점,시종점,,1,126.956634,37.675628
P44755,북한산,113050202,분기점,분기점,,0,126.956658,37.657868
P44756,북한산,113050202,분기점,분기점,,0,126.957121,37.675032
P44757,북한산,113050202,시종점,시종점,,1,126.957744,37.613536
P44758,북한산,113050202,분기점,분기점,,0,126.958586,37.627591
P44759,북한산,113050202,분기점,분기점,,0,126.958783,37.63854
P44760,북한산,113050202,분기점,분기점,,0,126.95896,37.675345
P44761,북한산,113050202,시종점,시종점,,1,126.95905,37.679259
P44762,북한산,113050202,분기점,분기점,,0,126.959346,37.62809
P44763,북한산,113050202,분기점,분기점,,0,126.959586,37.675384
P44764,북한산,113050202,분기점,분기점,,0,126.960151,37.628731
P44765,북한산,113050202,분기점,분기점,,0,126.960317,37.638064
P44766,북한산,113050202,분기점,분기점,,0,126.960334,37.666816
P44767,북한산,113050202,분기점,분기점,,0,126.960466,37.625101
P44768,북한산,113050202,분기점,분기점,,0,126.960633,37.648124
P44769,북한산,113050202,분기점,분기점,,0,126.961082,37.646157
P44770,북한산,113050202,분기점,분기점,,0,126.961094,37.645863
P44771,북한산,113050202,분기점,분기점,,0,126.961293,37.67916
P44772,북한산,113050202,분기점,분기점,,0,126.961476,37.652857
P44773,북한산,113050202,분기점,분기점,,0,126.961693,37.675523
P44774,북한산,113050202,분기점,분기점,,0,126.962151,37.665854
P44775,북한산,113050202,분기점,분기점,,0,126.962455,37.673851
P44776,북한산,113050202,분기점,분기점,,0,126.962734,37.652288
P44777,북한산,113050202,분기점,분기점,,0,126.963341,37.665287
P44778,북한산,113050202,분기점,분기점,,0,126.963695,37.674015
P44779,북한산,113050202,분기점,분기점,,0,126.963895,37.658088
P44780,북한산,113050202,분기점,분기점,,0,126.96436,37.621224
P44781,북한산,113050202,분기점,분기점,,0,126.964421,37.676435
P44782,북한산,113050202,시종점,시종점,,1,126.965983,37.693174
P44783,북한산,113050202,분기점,분기점,,0,126.96604,37.666629
P44784,북한산,113050202,분기점,분기점,,0,126.966189,37.641227
P44785,북한산,113050202,분기점,분기점,,0,126.9662,37.675775
P44786,북한산,113050202,분기점,분기점,,0,126.966711,37.666664
P44787,북한산,113050202,분기점,분기점,,0,126.966774,37.649989
P44788,북한산,113050202,분기점,분기점,,0,126.967028,37.65784
P44789,북한산,113050202,분기점,분기점,,0,126.967162,37.640268
P44790,북한산,113050202,분기점,분기점,,0,126.967212,37.657884
P44791,북한산,113050202,분기점,분기점,,0,126.967388,37.654602
P44792,북한산,113050202,분기점,분기점,,0,126.968094,37.658341
P44793,북한산,113050202,분기점,분기점,,0,126.968674,37.631416
P44794,북한산,113050202,분기점,분기점,,0,126.969462,37.674868
P44795,북한산,113050202,시종점,시종점,,1,126.969862,37.661265
P44796,북한산,113050202,시종점,시종점,,1,126.970092,37.700373
P44797,북한산,113050202,분기점,분기점,,0,126.970252,37.655457
P44798,북한산,113050202,분기점,분기점,,0,126.970753,37.63368
P44799,북한산,113050202,분기점,분기점,,0,126.97126,37.667451
P44800,북한산,113050202,분기점,분기점,,0,126.971394,37.672392
P44801,북한산,113050202,분기점,분기점,,0,126.971648,37.633324
P44802,북한산,113050202,분기점,분기점,,0,126.9717,37.676278
P44803,북한산,113050202,분기점,분기점,,0,126.972435,37.667836
P44804,북한산,113050202,분기점,분기점,,0,126.972686,37.648331
P44805,북한산,113050202,분기점,분기점,,0,126.973272,37.645311
P44806,북한산,113050202,시종점,시종점,,1,126.973891,37.616173
P44807,북한산,113050202,분기점,분기점,,0,126.974413,37.631879
P44808,북한산,113050202,분기점,분기점,,0,126.974467,37.632115
P44809,북한산,113050202,분기점,분기점,,0,126.974808,37.637994
P44810,북한산,113050202,분기점,분기점,,0,126.975132,37.631295
P44811,북한산,113050202,분기점,분기점,,0,126.975429,37.686308
P44812,북한산,113050202,분기점,분기점,,0,126.97559,37.617384
P44813,북한산,113050202,시종점,시종점,,1,126.976194,37.66617
P44814,북한산,113050202,시종점,시종점,,1,126.976231,37.682662
P44815,북한산,113050202,시종점,시종점,,1,126.976742,37.653181
P44816,북한산,113050202,분기점,분기점,,0,126.976879,37.645068
P44817,북한산,113050202,분기점,분기점,,0,126.976913,37.661243
P44818,북한산,113050202,분기점,분기점,,0,126.976991,37.661881
P44819,북한산,113050202,분기점,분기점,,0,126.977039,37.627807
P44820,북한산,113050202,분기점,분기점,,0,126.97721,37.633316
P44821,북한산,113050202,분기점,분기점,,0,126.977735,37.626244
P44822,북한산,113050202,분기점,분기점,,0,126.978058,37.640245
P44823,북한산,113050202,분기점,분기점,,0,126.978237,37.628209
P44824,북한산,113050202,분기점,분기점,,0,126.978264,37.653679
P44825,북한산,113050202,분기점,분기점,,0,126.978755,37.657344
P44826,북한산,113050202,분기점,분기점,,0,126.978943,37.626387
P44827,북한산,113050202,분기점,분기점,,0,126.979207,37.658342
P44828,북한산,113050202,분기점,분기점,,0,126.979292,37.659373
P44829,북한산,113050202,분기점,분기점,,0,126.979431,37.642079
P44830,북한산,113050202,분기점,분기점,,0,126.979426,37.657843
P44831,북한산,113050202,분기점,분기점,,0,126.979658,37.628273
P44832,북한산,113050202,분기점,분기점,,0,126.980097,37.6598
P44833,북한산,113050202,분기점,분기점,,0,126.980416,37.640016
P44834,북한산,113050202,분기점,분기점,,0,126.980666,37.638843
P44835,북한산,113050202,분기점,분기점,,0,126.980858,37.658626
P44836,북한산,113050202,분기점,분기점,,0,126.980901,37.658316
P44837,북한산,113050202,분기점,분기점,,0,126.981172,37.659124
P44838,북한산,113050202,시종점,시종점,,1,126.981631,37.612652
P44839,북한산,113050202,분기점,분기점,,0,126.981651,37.657564
P44840,북한산,113050202,분기점,분기점,,0,126.981987,37.620481
P44841,북한산,113050202,분기점,분기점,,0,126.98229,37.612861
P44842,북한산,113050202,분기점,분기점,,0,126.982292,37.650904
P44843,북한산,113050202,분기점,분기점,,0,126.982561,37.64941
P44844,북한산,113050202,분기점,분기점,,0,126.982606,37.650727
P44845,북한산,113050202,분기점,분기점,,0,126.982693,37.659409
P44846,북한산,113050202,분기점,분기점,,0,126.982807,37.635917
P44847,북한산,113050202,분기점,분기점,,0,126.984653,37.63665
P44848,북한산,113050202,분기점,분기점,,0,126.984684,37.662255
P44849,북한산,113050202,분기점,분기점,,0,126.984694,37.65977
P44850,북한산,113050202,분기점,분기점,,0,126.984841,37.661437
P44851,북한산,113050202,분기점,분기점,,0,126.984886,37.660406
P44852,북한산,113050202,분기점,분기점,,0,126.98511,37.661758
P44853,북한산,113050202,분기점,분기점,,0,126.985513,37.659872
P44854,북한산,113050202,분기점,분기점,,0,126.985567,37.613934
P44855,북한산,113050202,시종점,시종점,,1,126.98589,37.679593
P44856,북한산,113050202,분기점,분기점,,0,126.985934,37.640503
P44857,북한산,113050202,분기점,분기점,,0,126.98636,37.640422
P44858,북한산,113050202,분기점,분기점,,0,126.986595,37.618844
P44859,북한산,113050202,분기점,분기점,,0,126.986899,37.668626
P44860,북한산,113050202,분기점,분기점,,0,126.987034,37.662185
P44861,북한산,113050202,분기점,분기점,,0,126.987502,37.641774
P44862,북한산,113050202,분기점,분기점,,0,126.987821,37.662887
P44863,북한산,113050202,분기점,분기점,,0,126.987837,37.682574
P44864,북한산,113050202,분기점,분기점,,0,126.988208,37.614521
P44865,북한산,113050202,분기점,분기점,,0,126.988261,37.615511
P44866,북한산,113050202,분기점,분기점,,0,126.988979,37.660042
P44867,북한산,113050202,분기점,분기점,,0,126.989774,37.64314
P44868,북한산,113050202,분기점,분기점,,0,126.989986,37.680475
P44869,북한산,113050202,분기점,분기점,,0,126.990472,37.664107
P44870,북한산,113050202,분기점,분기점,,0,126.991647,37.679493
P44871,북한산,113050202,분기점,분기점,,0,126.991661,37.658516
P44872,북한산,113050202,분기점,분기점,,0,126.992096,37.689756
P44873,북한산,113050202,시종점,시종점,,1,126.992142,37.612084
P44874,북한산,113050202,분기점,분기점,,0,126.99241,37.621798
P44875,북한산,113050202,분기점,분기점,,0,126.99251,37.664917
P44876,북한산,113050202,분기점,분기점,,0,126.992785,37.673869
P44877,북한산,113050202,분기점,분기점,,0,126.993215,37.621371
P44878,북한산,113050202,분기점,분기점,,0,126.993642,37.673658
P44879,북한산,113050202,시종점,시종점,,1,126.993658,37.675458
P44880,북한산,113050202,분기점,분기점,,0,126.993848,37.670953
P44881,북한산,113050202,분기점,분기점,,0,126.993882,37.670263
P44882,북한산,113050202,분기점,분기점,,0,126.993882,37.67133
P44883,북한산,113050202,분기점,분기점,,0,126.994074,37.666299
P44884,북한산,113050202,시종점,시종점,,1,126.994238,37.695136
P44885,북한산,113050202,분기점,분기점,,0,126.994691,37.629876
P44886,북한산,113050202,분기점,분기점,,0,126.994958,37.650479
P44887,북한산,113050202,분기점,분기점,,0,126.99512,37.685085
P44888,북한산,113050202,분기점,분기점,,0,126.995139,37.620197
P44889,북한산,113050202,시종점,시종점,,1,126.995509,37.665479
P44890,북한산,113050202,분기점,분기점,,0,126.996307,37.629184
P44891,북한산,113050202,분기점,분기점,,0,126.996658,37.618786
P44892,북한산,113050202,분기점,분기점,,0,126.996873,37.684642
P44893,북한산,113050202,분기점,분기점,,0,126.997037,37.650286
P44894,북한산,113050202,분기점,분기점,,0,126.998372,37.654964
P44895,북한산,113050202,시종점,시종점,,1,126.998837,37.618003
P44896,북한산,113050202,분기점,분기점,,0,127.000555,37.656549
P44897,북한산,113050202,분기점,분기점,,0,127.000999,37.64265
P44898,북한산,113050202,분기점,분기점,,0,127.00186,37.642235
P44899,북한산,113050202,분기점,분기점,,0,127.002074,37.658165
P44900,북한산,113050202,시종점,시종점,,1,127.002208,37.642366
P44901,북한산,113050202,분기점,분기점,,0,127.00279,37.656764
P44902,북한산,113050202,시종점,시종점,,1,127.002948,37.6432
P44903,북한산,113050202,분기점,분기점,,0,127.003331,37.65672
P44904,북한산,113050202,분기점,분기점,,0,127.004069,37.658698
P44905,북한산,113050202,시종점,시종점,,1,127.004087,37.635213
P44906,북한산,113050202,분기점,분기점,,0,127.004238,37.671313
P44907,북한산,113050202,분기점,분기점,,0,127.004357,37.658948
P44908,북한산,113050202,시종점,시종점,,1,127.004704,37.644573
P44909,북한산,113050202,분기점,분기점,,0,127.006702,37.656976
P44910,북한산,113050202,분기점,분기점,,0,127.006793,37.660859
P44911,북한산,113050202,분기점,분기점,,0,127.006909,37.657092
P44912,북한산,113050202,시종점,시종점,,1,127.007714,37.66126
P44913,북한산,113050202,분기점,분기점,,0,127.007852,37.655438
P44914,북한산,113050202,시종점,시종점,,1,127.008966,37.661037
P44915,북한산,113050202,시종점,시종점,,1,127.009187,37.633149
P44916,북한산,113050202,시종점,시종점,,1,127.009679,37.627527
P44917,북한산,113050202,시종점,시종점,,1,127.010169,37.653493
P44918,북한산,113050202,시종점,시종점,,1,127.010552,37.65725
P44919,북한산,113050202,시종점,시종점,,1,127.0116,37.664333
P44920,북한산,113050202,시종점,시종점,,1,127.011702,37.664577
P44012,북한산,114100801,시멘트계단시작,기타,,0,126.943919,37.594237
P44013,북한산,114100801,시멘트계단끝,기타,,0,126.943838,37.594112
P44014,북한산,114100801,계단시작,기타,,0,126.94363,37.593882
P44015,북한산,114100801,가로등,가로등,,0,126.943598,37.593902
P44016,북한산,114100801,계단끝,기타,,0,126.943437,37.594006
P44017,북한산,114100801,가로등,가로등,,0,126.943476,37.594239
P44018,북한산,114100801,가로등,가로등,,0,126.943446,37.594389
P44019,북한산,114100801,운동시설,시설물(운동기구 등),,0,126.943454,37.594482
P44020,북한산,114100801,운동시설,시설물(운동기구 등),,0,126.94327,37.59456
P44021,북한산,114100801,가로등,가로등,,0,126.943176,37.594603
P44022,북한산,114100801,운동시설,시설물(운동기구 등),,0,126.94311,37.594651
P44023,북한산,114100801,목벤치,벤치,,0,126.943045,37.59474
P44024,북한산,114100801,안내문,안내판또는지도,,0,126.942918,37.594692
P44025,북한산,114100801,안내문,안내판또는지도,,0,126.942895,37.594695
P44026,북한산,114100801,가로등,가로등,,0,126.942645,37.594858
P44027,북한산,114100801,운동시설,시설물(운동기구 등),,0,126.942721,37.59486
P44028,북한산,114100801,가로등,가로등,,0,126.94283,37.594863
P44029,북한산,114100801,안내문,안내판또는지도,,0,126.942804,37.594948
P44030,북한산,114100801,계단시작,기타,,0,126.943035,37.594775
P44031,북한산,114100801,계단끝,기타,,0,126.943105,37.594821
P44032,북한산,114100801,운동시설,시설물(운동기구 등),,0,126.943155,37.594802
P44033,북한산,114100801,목벤치,벤치,,0,126.943142,37.594793
P44034,북한산,114100801,가로등,가로등,,0,126.94316,37.594778
P44035,북한산,114100801,가로등,가로등,,0,126.94317,37.594867
P44036,북한산,114100801,계단시작,기타,,0,126.943158,37.594873
P44037,북한산,114100801,계단끝,기타,,0,126.94326,37.595038
P44038,북한산,114100801,가로등,가로등,,0,126.943261,37.59502
P44039,북한산,114100801,목벤치,벤치,,0,126.943289,37.595002
P44040,북한산,114100801,목벤치,벤치,,0,126.943346,37.5951
P44041,북한산,114100801,감시카메라,기타,,0,126.943351,37.595086
P44042,북한산,114100801,정자,정자,,0,126.943268,37.595161
P44043,북한산,114100801,가로등,가로등,,0,126.943279,37.595242
P44044,북한산,114100801,계단시작,기타,,0,126.943378,37.595221
P44045,북한산,114100801,계단끝,기타,,0,126.94342,37.595151
P44046,북한산,114100801,가로등,가로등,,0,126.943436,37.593937
P44047,북한산,114100801,가로등,가로등,,0,126.943051,37.593884
P44048,북한산,114100801,가로등,가로등,,0,126.942898,37.593947
P44049,북한산,114100801,목계단시작,기타,,0,126.942821,37.593931
P44050,북한산,114100801,목계단끝,기타,,0,126.942813,37.593908
P44051,북한산,114100801,운동시설,시설물(운동기구 등),,0,126.942835,37.593972
P44052,북한산,114100801,목벤치,벤치,,0,126.942874,37.593983
P44053,북한산,114100801,정자,정자,,0,126.942791,37.594088
P44054,북한산,114100801,안내문,안내판또는지도,,0,126.942818,37.594153
P44055,북한산,114100801,가로등,가로등,,0,126.942763,37.594091
P44056,북한산,114100801,정자,정자,,0,126.942577,37.594239
P44057,북한산,114100801,목계단시작,기타,,0,126.942531,37.594162
P44058,북한산,114100801,목계단끝,기타,,0,126.942544,37.594078
P44059,북한산,114100801,운동시설,시설물(운동기구 등),,0,126.942547,37.594066
P44060,북한산,114100801,목벤치,벤치,,0,126.942613,37.593974
P44061,북한산,114100801,가로등,가로등,,0,126.942743,37.593877
P44062,북한산,114100801,목벤치,벤치,,0,126.942781,37.59388
P44063,북한산,114100801,지압보도,기타,,0,126.942714,37.593988
P44064,북한산,114100801,안내문,안내판또는지도,,0,126.942716,37.593988
P44065,북한산,114100801,게양대,기타,,0,126.942641,37.594076
P44066,북한산,114100801,가로등,가로등,,0,126.942653,37.594093
P44067,북한산,114100801,목벤치,벤치,,0,126.942707,37.594077
P44068,북한산,114100801,목계단시작,기타,,0,126.942681,37.594114
P44069,북한산,114100801,목계단끝,기타,,0,126.942741,37.594136
P44070,북한산,114100801,목계단시작,기타,,0,126.942838,37.594151
P44071,북한산,114100801,가로등,가로등,,0,126.943032,37.594226
P44072,북한산,114100801,가로등,가로등,,0,126.943199,37.594282
P44073,북한산,114100801,운동시설,시설물(운동기구 등),,0,126.943251,37.594292
P44074,북한산,114100801,정자,정자,,0,126.943235,37.594342
P44075,북한산,114100801,목벤치,벤치,,0,126.943231,37.594327
P44076,북한산,114100801,목계단,기타,,0,126.943139,37.594387
P44077,북한산,114100801,목계단,기타,,0,126.942986,37.594633
P44078,북한산,114100801,목계단시작,기타,,0,126.942912,37.594636
P44079,북한산,114100801,목계단끝,기타,,0,126.94268,37.594527
P44080,북한산,114100801,안내문,안내판또는지도,,0,126.942653,37.595007
P44081,북한산,114100801,안내문,안내판또는지도,,0,126.942647,37.595021
P44082,북한산,114100801,시멘트계단,기타,,0,126.942684,37.595
P44083,북한산,114100801,초소,기타,,0,126.942596,37.595055
P44084,북한산,114100801,목계단,기타,,0,126.942623,37.595076
P44085,북한산,114100801,목계단시작,기타,,0,126.942661,37.595165
P44086,북한산,114100801,목벤치,벤치,,0,126.942501,37.595239
P44087,북한산,114100801,목계단끝,기타,,0,126.942495,37.59537
P44088,북한산,114100801,목계단시작,기타,,0,126.942418,37.595568
P44089,북한산,114100801,목벤치,벤치,,0,126.942288,37.595633
P44090,북한산,114100801,목계단끝,기타,,0,126.942227,37.595734
P44091,북한산,114100801,목계단시작,기타,,0,126.94229,37.59582
P44092,북한산,114100801,목계단끝,기타,,0,126.942386,37.595856
P44093,북한산,114100801,등산로전경,기타,,0,126.942524,37.596086
P44094,북한산,114100801,목벤치,벤치,,0,126.942591,37.596923
P44095,북한산,114100801,목계단,기타,,0,126.942557,37.59697
P44096,북한산,114100801,목계단시작,기타,,0,126.942383,37.597161
P44097,북한산,114100801,목계단끝,기타,,0,126.942272,37.597425
P44098,북한산,114100801,정자,정자,,0,126.942162,37.597694
P44099,북한산,114100801,정자,정자,,0,126.941736,37.597978
P44100,북한산,114100801,운동시설,시설물(운동기구 등),,0,126.941684,37.598013
P44101,북한산,114100801,군시설,기타,,0,126.941427,37.598602
P44102,북한산,114100801,목계단시작,기타,,0,126.941422,37.598733
P44103,북한산,114100801,목계단끝,기타,,0,126.941317,37.598918
P44104,북한산,114100801,등산로전경,기타,,0,126.94093,37.601175
P44105,북한산,114100801,목벤치,벤치,,0,126.940828,37.601179
P44106,북한산,114100801,이정표,이정표,,0,126.940595,37.601235
P44107,북한산,114100801,등산로전경,기타,,0,126.944934,37.604881
P44108,북한산,114100801,훼손지시작,훼손지,,0,126.945842,37.605852
P44109,북한산,114100801,등산로전경,기타,,0,126.949118,37.608014
P44110,북한산,114100801,목계단,기타,,0,126.949977,37.607669
P44111,북한산,114100801,성벽,기타,,0,126.951379,37.608159
P44112,북한산,114100801,계단끝,기타,,0,126.949562,37.607626
P44113,북한산,114100801,계단시작,기타,,0,126.949816,37.606296
P44114,북한산,114100801,목벤치,벤치,,0,126.949781,37.606197
P44115,북한산,114100801,정자,정자,,0,126.949876,37.606195
P44116,북한산,114100801,목벤치,벤치,,0,126.949872,37.606193
P44117,북한산,114100801,안내문,안내판또는지도,,0,126.949829,37.605941
P44118,북한산,114100801,돌계단시작,기타,,0,126.950606,37.606429
P44119,북한산,114100801,돌계단끝,기타,,0,126.950898,37.60645
P44120,북한산,114100801,배수지,기타,,0,126.951322,37.606004
P44121,북한산,114100801,안내문,안내판또는지도,,0,126.951334,37.606508
P44122,북한산,114100801,등산로전경,기타,,0,126.951658,37.606943
P44123,북한산,114100801,성벽,기타,,0,126.951899,37.60716
P44124,북한산,114100801,등산로전경,기타,,0,126.951571,37.606067
P44125,북한산,114100801,위령비,기타,,0,126.951273,37.604292
P44126,북한산,114100801,목계단끝,기타,,0,126.94319,37.594293
P44127,북한산,114100801,무임목지,기타,,0,126.941546,37.600515
P44128,북한산,114100801,무임목지,기타,,0,126.941544,37.600489
P44129,북한산,114100801,화장실,화장실,,0,126.941623,37.601377
P44130,북한산,114100801,운동시설,시설물(운동기구 등),,0,126.94101,37.601487
P44131,북한산,114100801,목벤치,벤치,,0,126.941157,37.601497
P44132,북한산,114100801,운동시설,시설물(운동기구 등),,0,126.940834,37.601898
P44133,북한산,114100801,등산로전경,기타,,0,126.940949,37.602448
P44134,북한산,114100801,등산로전경,기타,,0,126.941084,37.602412
P44135,북한산,114100801,이정표,이정표,,0,126.94121,37.601532
P44136,북한산,114100801,돌계단,기타,,0,126.941154,37.60158
P44137,북한산,114100801,운동시설,시설물(운동기구 등),,0,126.94118,37.601681
P44138,북한산,114100801,목벤치,벤치,,0,126.941221,37.601629
P44139,북한산,114100801,창고,기타,,0,126.941254,37.601668
P44140,북한산,114100801,이정표,이정표,,0,126.940836,37.60161
P44141,북한산,114100801,등산로전경,기타,,0,126.943238,37.604659
P44142,북한산,114100801,군시설,기타,,0,126.943579,37.604403
P44143,북한산,114100801,조망점,조망점,,0,126.945253,37.604179
P44144,북한산,114100801,로프난간시작,기타,,0,126.945164,37.604373
P44145,북한산,114100801,로프난간끝,기타,,0,126.94516,37.60369
P44146,북한산,114100801,등산로전경,기타,,0,126.945133,37.602812
P44147,북한산,114100801,돌계단,기타,,0,126.946035,37.602225
P44148,북한산,114100801,돌계단시작,기타,,0,126.94626,37.60204
P44149,북한산,114100801,돌계단끝,기타,,0,126.946466,37.601574
P44150,북한산,114100801,돌계단끝,기타,,0,126.946072,37.602569
P44151,북한산,114100801,돌계단시작,기타,,0,126.946168,37.602658
P44152,북한산,114100801,안내문,안내판또는지도,,0,126.946145,37.602644
P44153,북한산,114100801,운동시설,시설물(운동기구 등),,0,126.946007,37.602671
P44154,북한산,114100801,위험경고문,위험지역,,0,126.945862,37.602992
P44155,북한산,114100801,목벤치,벤치,,0,126.944656,37.601659
P44156,북한산,114100801,목계단,기타,,0,126.94469,37.601533
P44157,북한산,114100801,정자,정자,,0,126.944659,37.601419
P44158,북한산,114100801,돌계단,기타,,0,126.944713,37.601405
P44159,북한산,114100801,목계단시작,기타,,0,126.944765,37.601309
P44160,북한산,114100801,목계단끝,기타,,0,126.944756,37.601236
P44161,북한산,114100801,목계단,기타,,0,126.944817,37.601163
P44162,북한산,114100801,목계단시작,기타,,0,126.944675,37.601083
P44163,북한산,114100801,목계단끝,기타,,0,126.944587,37.601067
P44164,북한산,114100801,돌계단시작,기타,,0,126.944468,37.601135
P44165,북한산,114100801,돌계단끝,기타,,0,126.944361,37.601135
P44166,북한산,114100801,목계단,기타,,0,126.944282,37.601155
P44167,북한산,114100801,돌계단시작,기타,,0,126.944132,37.601249
P44168,북한산,114100801,돌계단끝,기타,,0,126.944162,37.60122
P44169,북한산,114100801,안내문,안내판또는지도,,0,126.944185,37.601047
P44170,북한산,114100801,운동시설,시설물(운동기구 등),,0,126.944137,37.601096
P44171,북한산,114100801,안내문,안내판또는지도,,0,126.944099,37.6011
P44172,북한산,114100801,운동시설,시설물(운동기구 등),,0,126.944208,37.601095
P44173,북한산,114100801,목벤치,벤치,,0,126.944238,37.601116
P44174,북한산,114100801,안내문,안내판또는지도,,0,126.944247,37.601191
P44175,북한산,114100801,약수터,음수대,,0,126.944225,37.601178
P44176,북한산,114100801,등산로전경,기타,,0,126.944165,37.601375
P44177,북한산,114100801,돌계단시작,기타,,0,126.944164,37.601376
P44178,북한산,114100801,돌계단끝,기타,,0,126.944187,37.601408
P44179,북한산,114100801,운동시설,시설물(운동기구 등),,0,126.944151,37.601258
P44180,북한산,114100801,목벤치,벤치,,0,126.944043,37.601337
P44181,북한산,114100801,정자,정자,,0,126.944061,37.601376
P44182,북한산,114100801,운동시설,시설물(운동기구 등),,0,126.944113,37.601465
P44183,북한산,114100801,목계단시작,기타,,0,126.944296,37.601553
P44184,북한산,114100801,목계단끝,기타,,0,126.944464,37.601718
P44185,북한산,114100801,목벤치,벤치,,0,126.944475,37.601653
P44186,북한산,114100801,목벤치,벤치,,0,126.944578,37.601699
P44187,북한산,114100801,돌계단시작,기타,,0,126.944561,37.601681
P44188,북한산,114100801,돌계단끝,기타,,0,126.94462,37.601637
P44189,북한산,114100801,화단,기타,,0,126.944533,37.601296
P44190,북한산,114100801,화장실,화장실,,0,126.94439,37.60109
P44191,북한산,114100801,목계단시작,기타,,0,126.943718,37.600825
P44192,북한산,114100801,목계단끝,기타,,0,126.943832,37.600796
P44193,북한산,114100801,안내문,안내판또는지도,,0,126.943577,37.601
P44194,북한산,114100801,등산로전경,기타,,0,126.94343,37.601265
P44195,북한산,114100801,등산로전경,기타,,0,126.943254,37.601521
P44196,북한산,114100801,등산로전경,기타,,0,126.942485,37.601467
P44197,북한산,114100801,안내문,안내판또는지도,,0,126.943046,37.600834
P44198,북한산,114100801,안내문,안내판또는지도,,0,126.943429,37.600345
P44199,북한산,114100801,무임목지,기타,,0,126.942817,37.600511
P44200,북한산,114100801,목계단,기타,,0,126.943483,37.601732
P44201,북한산,114100801,목다리,기타,,0,126.943579,37.601883
P44202,북한산,114100801,등산로전경,기타,,0,126.94289,37.602267
P44203,북한산,114100801,목다리,기타,,0,126.943202,37.602003
P44204,북한산,114100801,목계단시작,기타,,0,126.943231,37.602019
P44205,북한산,114100801,목계단끝,기타,,0,126.943581,37.601942
P44206,북한산,114100801,목계단시작,기타,,0,126.944172,37.601946
P44207,북한산,114100801,목계단끝,기타,,0,126.944278,37.601847
P44208,북한산,114100801,목계단끝,기타,,0,126.94431,37.601809
P44209,북한산,114100801,목계단시작,기타,,0,126.944369,37.601793
P44210,북한산,114100801,목벤치,벤치,,0,126.944431,37.601807
P44211,북한산,114100801,목계단,기타,,0,126.945049,37.601106
P44212,북한산,114100801,목계단시작,기타,,0,126.945424,37.600844
P44213,북한산,114100801,목계단끝,기타,,0,126.945482,37.600804
P44214,북한산,114100801,돌계단시작,기타,,0,126.945163,37.601621
P44215,북한산,114100801,돌계단끝,기타,,0,126.945163,37.601639
P44216,북한산,114100801,우물,기타,,0,126.94511,37.601694
P44217,북한산,114100801,목벤치,벤치,,0,126.945039,37.601666
P44218,북한산,114100801,돌계단시작,기타,,0,126.944884,37.601549
P44219,북한산,114100801,돌계단끝,기타,,0,126.94484,37.601541
P44220,북한산,114100801,목다리위험,위험지역,,0,126.943568,37.601885
P44221,북한산,114100801,등산로전경,기타,,0,126.942586,37.602698
P44222,북한산,114100801,등산로전경,기타,,0,126.942467,37.60295
P44223,북한산,114100801,무임목지,기타,,0,126.94262,37.603241
P44224,북한산,114100801,위험수목,위험지역,,0,126.942437,37.603479
P44225,북한산,114100801,등산로전경,기타,,0,126.942472,37.60372
P44226,북한산,114100801,우물,기타,,0,126.94245,37.60389
P44227,북한산,114100801,무임목지,기타,,0,126.942574,37.603907
P44228,북한산,114100801,조망점,조망점,,0,126.943506,37.603918
P44229,북한산,114100801,등산로전경,기타,,0,126.942151,37.603717
P44230,북한산,114100801,훼손지,훼손지,,0,126.942122,37.603603
P44231,북한산,114100801,훼손지시작,훼손지,,0,126.941853,37.603527
P44232,북한산,114100801,훼손지끝,훼손지,,0,126.941747,37.603624
P44233,북한산,114100801,측량기준점,기타,,0,126.941783,37.603755
P44234,북한산,114100801,바위,기타,,0,126.943454,37.603914
P44235,북한산,114100801,등산로전경,기타,,0,126.94348,37.603659
P44236,북한산,114100801,등산로전경,기타,,0,126.94391,37.603618
P44237,북한산,114100801,등산로전경,기타,,0,126.94617,37.606242
P44238,북한산,114100801,안내문,안내판또는지도,,0,126.947148,37.607821
P44239,북한산,114100801,등산로전경,기타,,0,126.947801,37.607498
P44240,북한산,114100801,돌계단시작,기타,,0,126.947459,37.607145
P44241,북한산,114100801,돌계단끝,기타,,0,126.947462,37.607074
P44242,북한산,114100801,등산로전경,기타,,0,126.947595,37.605234
P44243,북한산,114100801,등산로전경,기타,,0,126.94736,37.60504
P44244,북한산,114100801,돌계단시작,기타,,0,126.947017,37.604078
P44245,북한산,114100801,돌계단끝,기타,,0,126.94708,37.603949
P44246,북한산,114100801,돌계단,기타,,0,126.94789,37.603376
P44247,북한산,114100801,안내문,안내판또는지도,,0,126.946712,37.603817
P44248,북한산,114100801,약수터,음수대,,0,126.946661,37.603922
P44249,북한산,114100801,목벤치,벤치,,0,126.946916,37.603774
P44250,북한산,114100801,화장실,화장실,,0,126.946445,37.603279
P44251,북한산,114100801,시멘트계단시작,기타,,0,126.941005,37.597187
P44252,북한산,114100801,시멘트계단끝,기타,,0,126.941015,37.597377
P44253,북한산,114100801,등산로전경,기타,,0,126.940905,37.59799
P44254,북한산,114100801,시멘트계단시작,기타,,0,126.941186,37.598364
P44255,북한산,114100801,시멘트계단끝,기타,,0,126.94127,37.598462
P44256,북한산,114100801,안내문,안내판또는지도,,0,126.949954,37.606068
P44257,북한산,114100801,목다리,기타,,0,126.950544,37.60639
P44258,북한산,114100801,등산로전경,기타,,0,126.950143,37.606771
P44259,북한산,114100801,조망점,조망점,,0,126.950007,37.607188
P44260,북한산,114100801,훼손지시작,훼손지,,0,126.94953,37.607741
P44261,북한산,114100801,훼손지끝,훼손지,,0,126.949572,37.607912
P44262,북한산,114100801,등산로전경,기타,,0,126.949563,37.608349
P44263,북한산,114100801,훼손지시작,훼손지,,0,126.949316,37.608691
P44264,북한산,114100801,훼손지끝,훼손지,,0,126.949182,37.608732
P44265,북한산,114100801,등산로전경,기타,,0,126.949121,37.609135
P44266,북한산,114100801,목벤치,벤치,,0,126.949637,37.610684
P44267,북한산,114100801,약수터,음수대,,0,126.949689,37.610695
P44268,북한산,114100801,안내문,안내판또는지도,,0,126.94968,37.610724
P44269,북한산,114100801,돌계단시작,기타,,0,126.949549,37.611185
P44270,북한산,114100801,돌계단끝,기타,,0,126.949586,37.611273
P44271,북한산,114100801,등산로전경,기타,,0,126.949635,37.612826
P44272,북한산,114100801,등산로전경,기타,,0,126.949612,37.61236
P44273,북한산,114100801,훼손지끝,훼손지,,0,126.949746,37.611688
P44274,북한산,114100801,훼손지시작,훼손지,,0,126.949643,37.611386
P44275,북한산,114100801,성벽,기타,,0,126.950954,37.610704
P44276,북한산,114100801,성벽,기타,,0,126.951376,37.608215
P44277,북한산,114100801,등산로전경,기타,,0,126.951614,37.607922
P44278,북한산,114100801,안내문,안내판또는지도,,0,126.952488,37.606892
P44279,북한산,114100801,안내문,안내판또는지도,,0,126.952448,37.606906
P44280,북한산,114100801,등산로전경,기타,,0,126.952649,37.6067
P44281,북한산,114100801,안내문,안내판또는지도,,0,126.952725,37.605863
P44282,북한산,114100801,안내문,안내판또는지도,,0,126.95277,37.605598
P44283,북한산,114100801,등산로전경,기타,,0,126.951911,37.604814
P44284,북한산,114100801,목다리,기타,,0,126.950638,37.605116
P44285,북한산,114100801,등산로전경,기타,,0,126.948393,37.60785
P44286,북한산,114100801,철탑,기타,,0,126.948137,37.60852
P44287,북한산,114100801,등산로전경,기타,,0,126.948249,37.608143
P44288,북한산,114100801,등산로전경,기타,,0,126.947741,37.607942
P44289,북한산,114100801,조망점,조망점,,0,126.951061,37.604148
P44290,북한산,114100801,등산로전경,기타,,0,126.951254,37.604125
P44291,북한산,114100801,정자,정자,,0,126.951616,37.60395
P44292,북한산,114100801,운동시설,시설물(운동기구 등),,0,126.951623,37.603832
P44293,북한산,114100801,안내문,안내판또는지도,,0,126.951718,37.603802
P44294,북한산,114100801,목계단시작,기타,,0,126.952152,37.603978
P44295,북한산,114100801,목벤치,벤치,,0,126.952103,37.603809
P44296,북한산,114100801,목벤치,벤치,,0,126.952242,37.603716
P44297,북한산,114100801,목계단끝,기타,,0,126.952135,37.603598
P44298,북한산,114100801,시멘트다리,기타,,0,126.952162,37.603557
P44299,북한산,114100801,목계단끝,기타,,0,126.952087,37.603677
P44300,북한산,114100801,정자,정자,,0,126.952448,37.603637
P44301,북한산,114100801,보안등,기타,,0,126.952394,37.603619
P44302,북한산,114100801,운동시설,시설물(운동기구 등),,0,126.952388,37.603721
P44303,북한산,114100801,목벤치,벤치,,0,126.952198,37.603677
P44304,북한산,114100801,정자,정자,,0,126.952215,37.603843
P44305,북한산,114100801,운동시설,시설물(운동기구 등),,0,126.952212,37.603873
P44306,북한산,114100801,목다리,기타,,0,126.952141,37.603892
P44307,북한산,114100801,안내문,안내판또는지도,,0,126.952586,37.603645
P44308,북한산,114100801,목계단시작,기타,,0,126.952632,37.603593
P44309,북한산,114100801,돌계단끝,기타,,0,126.952621,37.603589
P44310,북한산,114100801,돌계단시작,기타,,0,126.953067,37.60306
P44311,북한산,114100801,안내문,안내판또는지도,,0,126.95302,37.603157
P44312,북한산,114100801,등산로전경,기타,,0,126.953228,37.603159
P44313,북한산,114100801,성벽,기타,,0,126.953243,37.603257
P44314,북한산,114100801,안내문,안내판또는지도,,0,126.953264,37.603281
P44315,북한산,114100801,안내문,안내판또는지도,,0,126.953265,37.603415
P44316,북한산,114100801,안내문,안내판또는지도,,0,126.953349,37.603374
P44317,북한산,114100801,다리,기타,,0,126.953402,37.603479
P44318,북한산,114100801,등산로전경,기타,,0,126.953514,37.604344
P44319,북한산,114100801,조망점,조망점,,0,126.953522,37.604726
P44320,북한산,114100801,목계단시작,기타,,0,126.95192,37.604464
P44321,북한산,114100801,목계단끝,기타,,0,126.951883,37.604458
P44322,북한산,114100801,목계단시작,기타,,0,126.951723,37.604048
P44323,북한산,114100801,목계단끝,기타,,0,126.951676,37.603966
P44324,북한산,114100801,안내문,안내판또는지도,,0,126.951694,37.604007
P44325,북한산,114100801,조망점,조망점,,0,126.953368,37.605056
P44326,북한산,114100801,시멘트다리,기타,,0,126.951252,37.60537
P44327,북한산,114100801,목계단시작,기타,,0,126.951995,37.60346
P44328,북한산,114100801,안내문,안내판또는지도,,0,126.951901,37.603294
P44329,북한산,114100801,목계단끝,기타,,0,126.951794,37.603239
P44330,북한산,114100801,훼손지시작,훼손지,,0,126.951772,37.603149
P44331,북한산,114100801,훼손지끝,훼손지,,0,126.951767,37.603094
P44332,북한산,114100801,목계단시작,기타,,0,126.951653,37.602977
P44333,북한산,114100801,안내문,안내판또는지도,,0,126.951764,37.603047
P44334,북한산,114100801,안내문,안내판또는지도,,0,126.951762,37.603069
P44335,북한산,114100801,목계단끝,기타,,0,126.951733,37.602913
P44336,북한산,114100801,안내문,안내판또는지도,,0,126.951595,37.602844
P44337,북한산,114100801,돌계단시작,기타,,0,126.951789,37.599388
P44338,북한산,114100801,돌계단끝,기타,,0,126.951909,37.599414
P44339,북한산,114100801,등산로전경,기타,,0,126.95211,37.59965
P44340,북한산,114100801,위험수목,위험지역,,0,126.952487,37.599864
P44341,북한산,114100801,등산로전경,기타,,0,126.95273,37.60031
P44342,북한산,114100801,성벽,기타,,0,126.953131,37.60061
P44343,북한산,114100801,돌계단,기타,,0,126.952643,37.600207
P44344,북한산,114100801,돌계단시작,기타,,0,126.951639,37.59962
P44345,북한산,114100801,돌계단끝,기타,,0,126.951581,37.59964
P44346,북한산,114100801,목다리,기타,,0,126.951509,37.602951
P44347,북한산,114100801,목계단,기타,,0,126.951516,37.602884
P44348,북한산,114100801,목계단,기타,,0,126.95151,37.602536
P44349,북한산,114100801,안내문,안내판또는지도,,0,126.951442,37.602518
P44350,북한산,114100801,목계단끝,기타,,0,126.951561,37.602109
P44351,북한산,114100801,목계단시작,기타,,0,126.951548,37.602107
P44352,북한산,114100801,목계단,기타,,0,126.951768,37.602287
P44353,북한산,114100801,안내문,안내판또는지도,,0,126.954044,37.604825
P44354,북한산,114100801,안내문,안내판또는지도,,0,126.953996,37.60485
P44355,북한산,114100801,조망점,조망점,,0,126.953808,37.605064
P44356,북한산,114100801,등산로전경,기타,,0,126.953796,37.60513
P44357,북한산,114100801,등산로전경,기타,,0,126.953744,37.605513
P44358,북한산,114100801,등산로전경,기타,,0,126.952808,37.606122
P44359,북한산,114100801,배수지,기타,,0,126.953035,37.596887
P44360,북한산,114100801,옥천암,기타,,0,126.953923,37.597021
P44361,북한산,114100801,보도각,기타,,0,126.953611,37.597013
P44362,북한산,114100801,안내문,안내판또는지도,,0,126.953544,37.596736
P44363,북한산,114100801,옥천암입구,기타,,0,126.953857,37.596993
P44364,북한산,114100801,돌계단시작,기타,,0,126.95529,37.597771
P44365,북한산,114100801,돌계단끝,기타,,0,126.955269,37.597796
P44366,북한산,114100801,돌계단시작,기타,,0,126.955136,37.597907
P44367,북한산,114100801,돌계단끝,기타,,0,126.955106,37.597979
P44368,북한산,114100801,등산로전경,기타,,0,126.954293,37.598635
P44369,북한산,114100801,성벽,기타,,0,126.954032,37.598739
P44370,북한산,114100801,목벤치,벤치,,0,126.953932,37.599155
P44371,북한산,114100801,목벤치,벤치,,0,126.953784,37.599257
P44372,북한산,114100801,목벤치,벤치,,0,126.953797,37.599308
P44373,북한산,114100801,무임목지,기타,,0,126.955131,37.597379
P44374,북한산,114100801,무임목지,기타,,0,126.954843,37.597462
P44375,북한산,114100801,계단시작,기타,,0,126.951543,37.597131
P44376,북한산,114100801,계단끝,기타,,0,126.951835,37.597176
P44377,북한산,114100801,무임목지,기타,,0,126.951826,37.59682
P44378,북한산,114100801,무임목지,기타,,0,126.951915,37.596921
P44379,북한산,114100801,무임목지,기타,,0,126.952028,37.597358
P44380,북한산,114100801,등산로전경,기타,,0,126.95218,37.597562
P44381,북한산,114100801,경고문,기타,,0,126.952249,37.597614
P44382,북한산,114100801,돌계단시작,기타,,0,126.952096,37.597664
P44383,북한산,114100801,돌계단끝,기타,,0,126.952203,37.597709
P44384,북한산,114100801,돌계단시작,기타,,0,126.952272,37.597775
P44385,북한산,114100801,돌계단끝,기타,,0,126.952339,37.59781
P44386,북한산,114100801,등산로전경,기타,,0,126.952685,37.598086
P44387,북한산,114100801,성벽,기타,,0,126.953158,37.598823
P44388,북한산,114100801,등산로전경,기타,,0,126.95358,37.599777
P44389,북한산,114100801,안내문,안내판또는지도,,0,126.953195,37.600781
P44390,북한산,114100801,안내문,안내판또는지도,,0,126.952906,37.601136
P44391,북한산,114100801,등산로전경,기타,,0,126.95269,37.602158
P44392,북한산,114100801,훼손지,훼손지,,0,126.95277,37.602459
P44393,북한산,114100801,훼손지,훼손지,,0,126.953094,37.602943
P44394,북한산,114100801,돌계단시작,기타,,0,126.953557,37.602758
P44395,북한산,114100801,돌계단끝,기타,,0,126.953679,37.602702
P44396,북한산,114100801,돌계단시작,기타,,0,126.953784,37.60265
P44397,북한산,114100801,돌계단끝,기타,,0,126.953833,37.602583
P44398,북한산,114100801,안내문,안내판또는지도,,0,126.953824,37.602541
P44399,북한산,114100801,안내문,안내판또는지도,,0,126.953816,37.60253
P44400,북한산,114100801,홍지문,기타,,0,126.956659,37.598845
P44401,북한산,114100801,안내문,안내판또는지도,,0,126.956727,37.598849
P44402,북한산,114100801,목계단시작,기타,,0,126.943377,37.594111
P44403,북한산,114100801,가로등,가로등,,0,126.943316,37.594082
P44404,북한산,114100801,목계단끝,기타,,0,126.943268,37.594145
P44405,북한산,114100801,목계단시작,기타,,0,126.943576,37.598505
P44406,북한산,114100801,목계단끝,기타,,0,126.943148,37.598353
P44407,북한산,114100801,목계단시작,기타,,0,126.943039,37.598264
P44408,북한산,114100801,목계단끝,기타,,0,126.942659,37.598298
P44409,북한산,114100801,무임목지,기타,,0,126.942617,37.598274
P44410,북한산,114100801,등산로전경,기타,,0,126.943209,37.598363
P44411,북한산,114100801,등산로전경,기타,,0,126.943164,37.598552
P44412,북한산,114100801,등산로전경,기타,,0,126.943038,37.598828
P44413,북한산,114100801,목계단시작,기타,,0,126.941225,37.600162
P44414,북한산,114100801,목계단끝,기타,,0,126.941274,37.600132
P44415,북한산,114100801,돌계단시작,기타,,0,126.941448,37.599885
P44416,북한산,114100801,돌계단끝,기타,,0,126.941514,37.599794
P44417,북한산,114100801,등산로전경,기타,,0,126.941633,37.599683
P44418,북한산,114100801,목계단시작,기타,,0,126.941632,37.599671
P44419,북한산,114100801,목계단끝,기타,,0,126.941675,37.599612
P44420,북한산,114100801,목계단시작,기타,,0,126.941729,37.599556
P44421,북한산,114100801,목계단끝,기타,,0,126.94175,37.5995
P44422,북한산,114100801,목계단시작,기타,,0,126.942078,37.599497
P44423,북한산,114100801,목계단끝,기타,,0,126.942214,37.599457
P44424,북한산,114100801,목다리,기타,,0,126.942938,37.599531
P44425,북한산,114100801,운동시설,시설물(운동기구 등),,0,126.943314,37.599328
P44426,북한산,114100801,운동시설,시설물(운동기구 등),,0,126.943287,37.599432
P44427,북한산,114100801,목다리,기타,,0,126.943052,37.598149
P44428,북한산,114100801,등산로전경,기타,,0,126.943303,37.598091
P44429,북한산,114100801,목계단시작,기타,,0,126.943764,37.598268
P44430,북한산,114100801,목계단끝,기타,,0,126.943626,37.598308
P44431,북한산,114100801,무임목지,기타,,0,126.943399,37.600832
P44432,북한산,114100801,등산로전경,기타,,0,126.949798,37.606286
P44433,북한산,114100801,등산로전경,기타,,0,126.949801,37.606347
P44434,북한산,114100801,등산로전경,기타,,0,126.949515,37.607679
P44435,북한산,114100801,등산로전경,기타,,0,126.950631,37.608103
P44436,북한산,114100801,성벽,기타,,0,126.95138,37.608085
P44437,북한산,114100801,성벽,기타,,0,126.951437,37.607952
P44438,북한산,114100801,성벽,기타,,0,126.951495,37.607949
P44439,북한산,114100801,성벽,기타,,0,126.951495,37.607949
P44440,북한산,114100801,등산로전경,기타,,0,126.951191,37.604166
P44441,북한산,114100801,목벤치,벤치,,0,126.946819,37.603924
P44442,북한산,114100801,정자,정자,,0,126.946766,37.603935
P44443,북한산,114100801,운동시설,시설물(운동기구 등),,0,126.946786,37.603867
P44444,북한산,114100801,목벤치,벤치,,0,126.946709,37.603829
P44445,북한산,114100801,목벤치,벤치,,0,126.946713,37.603791
P44446,북한산,114100801,목벤치,벤치,,0,126.946877,37.603797
P44447,북한산,114100801,CCTV,기타,,0,126.946965,37.603894
P44448,북한산,114100801,음수대,음수대,,0,126.946508,37.603131
P44449,북한산,114100801,CCTV,기타,,0,126.946354,37.602602
P44450,북한산,114100801,건물,기타,,0,126.947267,37.603342
P44451,북한산,114100801,CCTV,기타,,0,126.947132,37.603287
P44452,북한산,114100801,정자,정자,,0,126.947242,37.603482
P44453,북한산,114100801,운동시설,시설물(운동기구 등),,0,126.947107,37.603452
P44454,북한산,114100801,놀이터,기타,,0,126.94718,37.603189
P44455,북한산,114100801,정자,정자,,0,126.94716,37.603015
P44456,북한산,114100801,음수대,음수대,,0,126.947173,37.603062
P44457,북한산,114100801,목벤치,벤치,,0,126.947126,37.602933
P44458,북한산,114100801,CCTV,기타,,0,126.947043,37.603042
P44459,북한산,114100801,목벤치,벤치,,0,126.94697,37.602848
P44460,북한산,114100801,운동시설,시설물(운동기구 등),,0,126.946724,37.603081
P44461,북한산,114100801,목벤치,벤치,,0,126.946663,37.603025
P44462,북한산,114100801,운동시설,시설물(운동기구 등),,0,126.946747,37.602876
P44463,북한산,114100801,목벤치,벤치,,0,126.94661,37.602841
P44464,북한산,114100801,쉼터,기타,,0,126.946582,37.602806
P44465,북한산,114100801,등산로전경,기타,,0,126.946239,37.602551
P44466,북한산,114100801,등산로전경,기타,,0,126.946239,37.60255
P44467,북한산,114100801,등산로전경,기타,,0,126.947564,37.604632
P44468,북한산,114100801,무임목지,기타,,0,126.948529,37.604799
P44469,북한산,114100801,등산로전경,기타,,0,126.948439,37.605568
P44470,북한산,114100801,무임목지,기타,,0,126.948809,37.605688
P44471,북한산,114100801,무임목지,기타,,0,126.949304,37.605892
P44472,북한산,114100801,돌계단시작,기타,,0,126.948714,37.606005
P44473,북한산,114100801,돌계단끝,기타,,0,126.948774,37.606113
P44474,북한산,114100801,등산로전경,기타,,0,126.948785,37.606151
P44475,북한산,114100801,조망점,조망점,,0,126.949296,37.606749
P44476,북한산,114100801,목벤치,벤치,,0,126.949367,37.607134
P44477,북한산,114100801,가로등,가로등,,0,126.947359,37.603369
P44478,북한산,114100801,가로등,가로등,,0,126.947205,37.60343
P44479,북한산,114100801,가로등,가로등,,0,126.947647,37.603476
P44480,북한산,114100801,가로등,가로등,,0,126.947534,37.603593
P44481,북한산,114100801,가로등,가로등,,0,126.94733,37.603687
P44482,북한산,114100801,가로등,가로등,,0,126.94708,37.603864
P44483,북한산,114100801,가로등,가로등,,0,126.946893,37.603875
P44484,북한산,114100801,가로등,가로등,,0,126.946653,37.603782
P44485,북한산,114100801,가로등,가로등,,0,126.946854,37.603751
P44486,북한산,114100801,가로등,가로등,,0,126.946899,37.603639
P44487,북한산,114100801,가로등,가로등,,0,126.946761,37.6034
P44488,북한산,114100801,가로등,가로등,,0,126.946534,37.603272
P44489,북한산,114100801,가로등,가로등,,0,126.946387,37.603147
P44490,북한산,114100801,가로등,가로등,,0,126.946303,37.602957
P44491,북한산,114100801,CCTV,기타,,0,126.946308,37.602942
P44492,북한산,114100801,가로등,가로등,,0,126.945954,37.603036
P44493,북한산,114100801,가로등,가로등,,0,126.945701,37.602876
P44494,북한산,114100801,가로등,가로등,,0,126.94564,37.602624
P44495,북한산,114100801,가로등,가로등,,0,126.945737,37.60259
P44496,북한산,114100801,가로등,가로등,,0,126.945884,37.602517
P44497,북한산,114100801,가로등,가로등,,0,126.946023,37.60244
P44498,북한산,114100801,가로등,가로등,,0,126.946464,37.603037
P44499,북한산,114100801,가로등,가로등,,0,126.946341,37.602864
P44500,북한산,114100801,가로등,가로등,,0,126.946269,37.602752
P44501,북한산,114100801,가로등,가로등,,0,126.946416,37.602527
P44502,북한산,114100801,가로등,가로등,,0,126.946709,37.602404
P44503,북한산,114100801,가로등,가로등,,0,126.946726,37.602577
P44504,북한산,114100801,가로등,가로등,,0,126.946821,37.602712
P44505,북한산,114100801,가로등,가로등,,0,126.946955,37.602927
P44506,북한산,114100801,가로등,가로등,,0,126.947027,37.603069
P44507,북한산,114100801,가로등,가로등,,0,126.947123,37.603259
P44508,북한산,114100801,가로등,가로등,,0,126.94737,37.603277
P44509,북한산,114100801,가로등,가로등,,0,126.947669,37.603373
P44510,북한산,114100801,가로등,가로등,,0,126.947401,37.603171
P44511,북한산,114100801,가로등,가로등,,0,126.947231,37.60299
P44512,북한산,114100801,가로등,가로등,,0,126.947126,37.602865
P44513,북한산,114100801,가로등,가로등,,0,126.946989,37.602682
P44514,북한산,114100801,가로등,가로등,,0,126.946964,37.60259
P44515,북한산,114100801,가로등,가로등,,0,126.947085,37.60268
P44516,북한산,114100801,가로등,가로등,,0,126.947247,37.602841
P44517,북한산,114100801,가로등,가로등,,0,126.947362,37.602904
P44518,북한산,114100801,가로등,가로등,,0,126.947466,37.603019
P44519,북한산,114100801,가로등,가로등,,0,126.947602,37.603143
P44520,북한산,114100801,가로등,가로등,,0,126.946726,37.602975
P44521,북한산,114100801,가로등,가로등,,0,126.947174,37.60305
P44522,북한산,114100801,성벽,기타,,0,126.952905,37.602906
P44523,북한산,114100801,등산로전경,기타,,0,126.952871,37.602844
P44524,북한산,114100801,성벽,기타,,0,126.952694,37.601821
P44525,북한산,114100801,측량기준점,기타,,0,126.953239,37.598851
P44526,북한산,114100801,등산로전경,기타,,0,126.951779,37.601558
P44527,북한산,114100801,안내문,안내판또는지도,,0,126.95171,37.601493
P44528,북한산,114100801,무임목지,기타,,0,126.951523,37.601278
P44529,북한산,114100801,위험수목,위험지역,,0,126.951464,37.601258
P44530,북한산,114100801,안내문,안내판또는지도,,0,126.951432,37.601266
P44531,북한산,114100801,시종점,시종점,,1,126.940201,37.601525
P44532,북한산,114100801,분기점,분기점,,0,126.940499,37.601402
P44533,북한산,114100801,시종점,시종점,,1,126.940919,37.602965
P44534,북한산,114100801,시종점,시종점,,1,126.940974,37.597137
P44535,북한산,114100801,분기점,분기점,,0,126.941026,37.602473
P44536,북한산,114100801,분기점,분기점,,0,126.941052,37.601573
P44537,북한산,114100801,분기점,분기점,,0,126.941088,37.601112
P44538,북한산,114100801,분기점,분기점,,0,126.941165,37.600184
P44539,북한산,114100801,분기점,분기점,,0,126.941336,37.600601
P44540,북한산,114100801,분기점,분기점,,0,126.941428,37.598577
P44541,북한산,114100801,분기점,분기점,,0,126.941459,37.601458
P44542,북한산,114100801,시종점,시종점,,1,126.941569,37.603634
P44543,북한산,114100801,시종점,시종점,,1,126.941596,37.601341
P44544,북한산,114100801,시종점,시종점,,1,126.941663,37.602947
P44545,북한산,114100801,시종점,시종점,,1,126.941679,37.603921
P44546,북한산,114100801,분기점,분기점,,0,126.94175,37.599542
P44547,북한산,114100801,분기점,분기점,,0,126.942111,37.603579
P44548,북한산,114100801,시종점,시종점,,1,126.942327,37.594357
P44549,북한산,114100801,시종점,시종점,,1,126.942366,37.604142
P44550,북한산,114100801,분기점,분기점,,0,126.942434,37.603822
P44551,북한산,114100801,시종점,시종점,,1,126.942545,37.598277
P44552,북한산,114100801,분기점,분기점,,0,126.942592,37.603931
P44553,북한산,114100801,시종점,시종점,,1,126.942629,37.594532
P44554,북한산,114100801,분기점,분기점,,0,126.942637,37.600234
P44555,북한산,114100801,분기점,분기점,,0,126.942752,37.601192
P44556,북한산,114100801,분기점,분기점,,0,126.942809,37.594135
P44557,북한산,114100801,시종점,시종점,,1,126.942954,37.604841
P44558,북한산,114100801,분기점,분기점,,0,126.942973,37.59468
P44559,북한산,114100801,분기점,분기점,,0,126.942975,37.594755
P44560,북한산,114100801,분기점,분기점,,0,126.943009,37.598267
P44561,북한산,114100801,분기점,분기점,,0,126.943012,37.600931
P44562,북한산,114100801,분기점,분기점,,0,126.943103,37.60383
P44563,북한산,114100801,분기점,분기점,,0,126.943143,37.598351
P44564,북한산,114100801,분기점,분기점,,0,126.943197,37.594276
P44565,북한산,114100801,시종점,시종점,,1,126.943285,37.599478
P44566,북한산,114100801,분기점,분기점,,0,126.94334,37.600474
P44567,북한산,114100801,분기점,분기점,,0,126.943391,37.603894
P44568,북한산,114100801,시종점,시종점,,1,126.943404,37.595215
P44569,북한산,114100801,분기점,분기점,,0,126.943412,37.594121
P44570,북한산,114100801,분기점,분기점,,0,126.943419,37.598389
P44571,북한산,114100801,분기점,분기점,,0,126.943433,37.59399
P44572,북한산,114100801,분기점,분기점,,0,126.943443,37.601336
P44573,북한산,114100801,분기점,분기점,,0,126.943496,37.604102
P44574,북한산,114100801,시종점,시종점,,1,126.943523,37.602679
P44575,북한산,114100801,분기점,분기점,,0,126.943526,37.600913
P44576,북한산,114100801,분기점,분기점,,0,126.943526,37.604367
P44577,북한산,114100801,분기점,분기점,,0,126.943542,37.603544
P44578,북한산,114100801,분기점,분기점,,0,126.943604,37.601928
P44579,북한산,114100801,시종점,시종점,,1,126.943636,37.598476
P44580,북한산,114100801,시종점,시종점,,1,126.943675,37.600559
P44581,북한산,114100801,분기점,분기점,,0,126.943675,37.600859
P44582,북한산,114100801,시종점,시종점,,1,126.943682,37.600116
P44583,북한산,114100801,분기점,분기점,,0,126.943877,37.6008
P44584,북한산,114100801,분기점,분기점,,0,126.943944,37.598264
P44585,북한산,114100801,시종점,시종점,,1,126.944109,37.601373
P44586,북한산,114100801,시종점,시종점,,1,126.944151,37.594243
P44587,북한산,114100801,분기점,분기점,,0,126.944166,37.601195
P44588,북한산,114100801,시종점,시종점,,1,126.944207,37.601036
P44589,북한산,114100801,시종점,시종점,,1,126.94422,37.600559
P44590,북한산,114100801,시종점,시종점,,1,126.944242,37.598434
P44591,북한산,114100801,분기점,분기점,,0,126.944289,37.601824
P44592,북한산,114100801,분기점,분기점,,0,126.944403,37.601662
P44593,북한산,114100801,분기점,분기점,,0,126.944467,37.601744
P44594,북한산,114100801,시종점,시종점,,1,126.944525,37.604769
P44595,북한산,114100801,분기점,분기점,,0,126.944684,37.601587
P44596,북한산,114100801,분기점,분기점,,0,126.944751,37.601314
P44597,북한산,114100801,분기점,분기점,,0,126.944831,37.601542
P44598,북한산,114100801,분기점,분기점,,0,126.944907,37.60108
P44599,북한산,114100801,분기점,분기점,,0,126.944975,37.602073
P44600,북한산,114100801,시종점,시종점,,1,126.944987,37.604864
P44601,북한산,114100801,분기점,분기점,,0,126.945007,37.601121
P44602,북한산,114100801,시종점,시종점,,1,126.945211,37.60162
P44603,북한산,114100801,분기점,분기점,,0,126.945254,37.602445
P44604,북한산,114100801,시종점,시종점,,1,126.945612,37.600883
P44605,북한산,114100801,시종점,시종점,,1,126.945712,37.605786
P44606,북한산,114100801,분기점,분기점,,0,126.945972,37.602246
P44607,북한산,114100801,분기점,분기점,,0,126.946037,37.602456
P44608,북한산,114100801,분기점,분기점,,0,126.946109,37.602243
P44609,북한산,114100801,분기점,분기점,,0,126.946107,37.606014
P44610,북한산,114100801,분기점,분기점,,0,126.946219,37.602663
P44611,북한산,114100801,시종점,시종점,,1,126.946301,37.607092
P44612,북한산,114100801,분기점,분기점,,0,126.9464,37.603221
P44613,북한산,114100801,분기점,분기점,,0,126.946452,37.602485
P44614,북한산,114100801,분기점,분기점,,0,126.946463,37.60175
P44615,북한산,114100801,시종점,시종점,,1,126.946495,37.601433
P44616,북한산,114100801,분기점,분기점,,0,126.946666,37.602551
P44617,북한산,114100801,분기점,분기점,,0,126.946748,37.602471
P44618,북한산,114100801,분기점,분기점,,0,126.946837,37.602445
P44619,북한산,114100801,시종점,시종점,,1,126.94684,37.608565
P44620,북한산,114100801,분기점,분기점,,0,126.946956,37.604692
P44621,북한산,114100801,분기점,분기점,,0,126.946999,37.603164
P44622,북한산,114100801,분기점,분기점,,0,126.947044,37.603845
P44623,북한산,114100801,시종점,시종점,,1,126.947067,37.60775
P44624,북한산,114100801,분기점,분기점,,0,126.947462,37.603327
P44625,북한산,114100801,분기점,분기점,,0,126.947516,37.605267
P44626,북한산,114100801,분기점,분기점,,0,126.947537,37.605018
P44627,북한산,114100801,분기점,분기점,,0,126.947669,37.603393
P44628,북한산,114100801,분기점,분기점,,0,126.947756,37.603435
P44629,북한산,114100801,분기점,분기점,,0,126.947797,37.607607
P44630,북한산,114100801,분기점,분기점,,0,126.947901,37.604594
P44631,북한산,114100801,분기점,분기점,,0,126.947913,37.607582
P44632,북한산,114100801,분기점,분기점,,0,126.947913,37.607706
P44633,북한산,114100801,분기점,분기점,,0,126.948064,37.607849
P44634,북한산,114100801,분기점,분기점,,0,126.948313,37.607998
P44635,북한산,114100801,분기점,분기점,,0,126.948528,37.604799
P44636,북한산,114100801,분기점,분기점,,0,126.948582,37.608117
P44637,북한산,114100801,분기점,분기점,,0,126.948603,37.607946
P44638,북한산,114100801,분기점,분기점,,0,126.94861,37.605827
P44639,북한산,114100801,분기점,분기점,,0,126.948628,37.608533
P44640,북한산,114100801,분기점,분기점,,0,126.948746,37.608044
P44641,북한산,114100801,분기점,분기점,,0,126.948768,37.608098
P44642,북한산,114100801,시종점,시종점,,1,126.948839,37.604513
P44643,북한산,114100801,시종점,시종점,,1,126.949012,37.605547
P44644,북한산,114100801,분기점,분기점,,0,126.949192,37.608799
P44645,북한산,114100801,분기점,분기점,,0,126.9492,37.606886
P44646,북한산,114100801,분기점,분기점,,0,126.949427,37.607381
P44647,북한산,114100801,분기점,분기점,,0,126.949502,37.607182
P44648,북한산,114100801,시종점,시종점,,1,126.949513,37.606692
P44649,북한산,114100801,분기점,분기점,,0,126.949515,37.611144
P44650,북한산,114100801,분기점,분기점,,0,126.949549,37.607667
P44651,북한산,114100801,시종점,시종점,,1,126.949587,37.605798
P44652,북한산,114100801,시종점,시종점,,1,126.949627,37.612833
P44653,북한산,114100801,분기점,분기점,,0,126.949818,37.606111
P44654,북한산,114100801,시종점,시종점,,1,126.949835,37.605701
P44655,북한산,114100801,분기점,분기점,,0,126.950256,37.606256
P44656,북한산,114100801,시종점,시종점,,1,126.95054,37.605939
P44657,북한산,114100801,분기점,분기점,,0,126.950546,37.60639
P44658,북한산,114100801,시종점,시종점,,1,126.950623,37.605145
P44659,북한산,114100801,분기점,분기점,,0,126.950717,37.60486
P44660,북한산,114100801,시종점,시종점,,1,126.950981,37.605784
P44661,북한산,114100801,분기점,분기점,,0,126.950984,37.604975
P44662,북한산,114100801,시종점,시종점,,1,126.951089,37.610659
P44663,북한산,114100801,시종점,시종점,,1,126.951169,37.601172
P44664,북한산,114100801,시종점,시종점,,1,126.95122,37.605402
P44665,북한산,114100801,분기점,분기점,,0,126.951264,37.606421
P44666,북한산,114100801,분기점,분기점,,0,126.951344,37.606026
P44667,북한산,114100801,시종점,시종점,,1,126.951397,37.599578
P44668,북한산,114100801,시종점,시종점,,1,126.951397,37.602851
P44669,북한산,114100801,시종점,시종점,,1,126.951436,37.597105
P44670,북한산,114100801,시종점,시종점,,1,126.951489,37.602183
P44671,북한산,114100801,분기점,분기점,,0,126.951596,37.602922
P44672,북한산,114100801,분기점,분기점,,0,126.951634,37.602207
P44673,북한산,114100801,분기점,분기점,,0,126.951659,37.603866
P44674,북한산,114100801,시종점,시종점,,1,126.951769,37.599377
P44675,북한산,114100801,분기점,분기점,,0,126.951826,37.607307
P44676,북한산,114100801,시종점,시종점,,1,126.951976,37.596615
P44677,북한산,114100801,분기점,분기점,,0,126.952011,37.597234
P44678,북한산,114100801,시종점,시종점,,1,126.95207,37.606263
P44679,북한산,114100801,분기점,분기점,,0,126.952146,37.603587
P44680,북한산,114100801,분기점,분기점,,0,126.952274,37.604799
P44681,북한산,114100801,분기점,분기점,,0,126.952348,37.600001
P44682,북한산,114100801,분기점,분기점,,0,126.95264,37.60679
P44683,북한산,114100801,분기점,분기점,,0,126.952682,37.601987
P44684,북한산,114100801,분기점,분기점,,0,126.952731,37.605914
P44685,북한산,114100801,분기점,분기점,,0,126.952741,37.605303
P44686,북한산,114100801,분기점,분기점,,0,126.952868,37.601313
P44687,북한산,114100801,분기점,분기점,,0,126.952964,37.598389
P44688,북한산,114100801,분기점,분기점,,0,126.953054,37.603024
P44689,북한산,114100801,분기점,분기점,,0,126.953079,37.598689
P44690,북한산,114100801,분기점,분기점,,0,126.953135,37.605547
P44691,북한산,114100801,분기점,분기점,,0,126.953181,37.600695
P44692,북한산,114100801,분기점,분기점,,0,126.953434,37.603998
P44693,북한산,114100801,분기점,분기점,,0,126.953544,37.599391
P44694,북한산,114100801,분기점,분기점,,0,126.953835,37.596942
P44695,북한산,114100801,시종점,시종점,,1,126.953847,37.602311
P44696,북한산,114100801,시종점,시종점,,1,126.953943,37.596513
P44697,북한산,114100801,분기점,분기점,,0,126.955217,37.597358
P44698,북한산,114100801,분기점,분기점,,0,126.955382,37.597623
P44699,북한산,114100801,시종점,시종점,,1,126.955593,37.59745
P97151,북한산,114100801,가로등,가로등,,0,126.94344,37.594027
P97152,북한산,114100801,계단끝,기타,,0,126.943424,37.594163
P97153,북한산,114100801,안내판또는지도,안내판또는지도,,0,126.942994,37.594701
P97154,북한산,114100801,안내판또는지도,안내판또는지도,,0,126.942782,37.595015
P97155,북한산,114100801,계단끝,기타,,0,126.943431,37.595151
P97156,북한산,114100801,가로등,가로등,,0,126.942798,37.59413
P97157,북한산,114100801,목계단끝,기타,,0,126.942645,37.594529
P97158,북한산,114100801,군시설,기타,,0,126.941441,37.598593
P97159,북한산,114100801,목계단끝,기타,,0,126.94112,37.599835
P97160,북한산,114100801,벤치,벤치,,0,126.940617,37.601244
P97161,북한산,114100801,이정표,이정표,,0,126.941556,37.603618
P97162,북한산,114100801,훼손지,훼손지,,0,126.946256,37.606698
P97163,북한산,114100801,조망점,조망점,,0,126.949589,37.607658
P97164,북한산,114100801,목계단,기타,,0,126.951408,37.608199
P97165,북한산,114100801,안내판또는지도,안내판또는지도,,0,126.949763,37.605737
P97166,북한산,114100801,돌계단끝,기타,,0,126.951204,37.605882
P97167,북한산,114100801,배수지,기타,,0,126.951362,37.606
P97168,북한산,114100801,성벽,"유적(문화, 역사)",,0,126.951835,37.607288
P97169,북한산,114100801,조망점,조망점,,0,126.951884,37.606183
P97170,북한산,114100801,무임목지,기타,,0,126.941494,37.601475
P97171,북한산,114100801,화장실,화장실,,0,126.941592,37.601373
P97172,북한산,114100801,시설물(운동기구등),시설물(운동기구 등),,0,126.941179,37.601575
P97173,북한산,114100801,조망점,조망점,,0,126.941051,37.602489
P97174,북한산,114100801,이정표,이정표,,0,126.94141,37.60358
P97175,북한산,114100801,조망점,조망점,,0,126.945247,37.602452
P97176,북한산,114100801,돌계단,기타,,0,126.946146,37.60224
P97177,북한산,114100801,돌계단시작,기타,,0,126.946504,37.601712
P97178,북한산,114100801,안내판또는지도,안내판또는지도,,0,126.945064,37.602092
P97179,북한산,114100801,벤치,벤치,,0,126.944682,37.60159
P97180,북한산,114100801,목계단시작,기타,,0,126.944772,37.601291
P97181,북한산,114100801,목계단,기타,,0,126.944944,37.601107
P97182,북한산,114100801,목계단,기타,,0,126.944192,37.601189
P97183,북한산,114100801,돌계단끝,기타,,0,126.944176,37.601214
P97184,북한산,114100801,시설물(운동기구등),시설물(운동기구 등),,0,126.944262,37.601553
P97185,북한산,114100801,목계단시작,기타,,0,126.944388,37.601626
P97186,북한산,114100801,돌계단시작,기타,,0,126.944601,37.601636
P97187,북한산,114100801,화장실,화장실,,0,126.942737,37.601211
P97188,북한산,114100801,목계단끝,기타,,0,126.943853,37.600801
P97189,북한산,114100801,조망점,조망점,,0,126.943441,37.601317
P97190,북한산,114100801,조망점,조망점,,0,126.941667,37.60295
P97191,북한산,114100801,안내판또는지도,안내판또는지도,,0,126.943674,37.600124
P97192,북한산,114100801,목다리,기타,,0,126.943611,37.601907
P97193,북한산,114100801,벤치,벤치,,0,126.944818,37.601553
P97194,북한산,114100801,목계단끝,기타,,0,126.945627,37.600869
P97195,북한산,114100801,조망점,조망점,,0,126.942463,37.603884
P97196,북한산,114100801,무임목지,기타,,0,126.943052,37.603868
P97197,북한산,114100801,조망점,조망점,,0,126.943454,37.604009
P97198,북한산,114100801,조망점,조망점,,0,126.942123,37.60359
P97199,북한산,114100801,훼손지,훼손지,,0,126.941713,37.603936
P97200,북한산,114100801,측량기준점,기타,,0,126.943544,37.604409
P97201,북한산,114100801,조망점,조망점,,0,126.943752,37.604378
P97202,북한산,114100801,안내판또는지도,안내판또는지도,,0,126.947138,37.607835
P97203,북한산,114100801,돌계단끝,기타,,0,126.946852,37.603805
P97204,북한산,114100801,돌계단,기타,,0,126.946892,37.603921
P97205,북한산,114100801,화장실,화장실,,0,126.946524,37.603161
P97206,북한산,114100801,시멘트계단끝,기타,,0,126.949792,37.606119
P97207,북한산,114100801,안내판또는지도,안내판또는지도,,0,126.950264,37.606257
P97208,북한산,114100801,목다리,기타,,0,126.950476,37.606079
P97209,북한산,114100801,조망점,조망점,,0,126.949643,37.607649
P97210,북한산,114100801,조망점,조망점,,0,126.94951,37.60844
P97211,북한산,114100801,안내판또는지도,안내판또는지도,,0,126.949655,37.610807
P97212,북한산,114100801,조망점,조망점,,0,126.949537,37.612351
P97213,북한산,114100801,훼손지,훼손지,,0,126.949568,37.611144
P97214,북한산,114100801,성벽,"유적(문화, 역사)",,0,126.950913,37.610676
P97215,북한산,114100801,성벽,"유적(문화, 역사)",,0,126.951549,37.608029
P97216,북한산,114100801,안내판또는지도,안내판또는지도,,0,126.952642,37.606785
P97217,북한산,114100801,조망점,조망점,,0,126.952726,37.605937
P97218,북한산,114100801,안내판또는지도,안내판또는지도,,0,126.952246,37.604799
P97219,북한산,114100801,조망점,조망점,,0,126.950997,37.604938
P97220,북한산,114100801,목다리,기타,,0,126.950628,37.605133
P97221,북한산,114100801,조망점,조망점,,0,126.947927,37.607704
P97222,북한산,114100801,조망점,조망점,,0,126.948307,37.608001
P97223,북한산,114100801,조망점,조망점,,0,126.946832,37.608571
P97224,북한산,114100801,시멘트다리,기타,,0,126.952174,37.603517
P97225,북한산,114100801,목다리,기타,,0,126.952142,37.603905
P97226,북한산,114100801,안내판또는지도,안내판또는지도,,0,126.953052,37.603021
P97227,북한산,114100801,다리,기타,,0,126.953449,37.604047
P97228,북한산,114100801,조망점,조망점,,0,126.953138,37.605575
P97229,북한산,114100801,안내판또는지도,안내판또는지도,,0,126.951663,37.603918
P97230,북한산,114100801,시멘트다리,기타,,0,126.951247,37.60543
P97231,북한산,114100801,목계단시작,기타,,0,126.951791,37.603053
P97232,북한산,114100801,안내판또는지도,안내판또는지도,,0,126.951463,37.602762
P97233,북한산,114100801,위험수목,기타,,0,126.952341,37.599995
P97234,북한산,114100801,돌계단끝,기타,,0,126.95138,37.59955
P97235,북한산,114100801,안내판또는지도,안내판또는지도,,0,126.951339,37.60251
P97236,북한산,114100801,목계단,기타,,0,126.954023,37.604814
P97237,북한산,114100801,조망점,조망점,,0,126.953398,37.605591
P97238,북한산,114100801,옥천암입구,"유적(문화, 역사)",,0,126.955326,37.597294
P97239,북한산,114100801,벤치,벤치,,0,126.953624,37.599378
P97240,북한산,114100801,무임목지,기타,,0,126.954475,37.597694
P97241,북한산,114100801,계단끝,기타,,0,126.952034,37.597243
P97242,북한산,114100801,조망점,조망점,,0,126.95296,37.598389
P97243,북한산,114100801,조망점,조망점,,0,126.953579,37.599984
P97244,북한산,114100801,훼손지,훼손지,,0,126.952868,37.602611
P97245,북한산,114100801,안내판또는지도,안내판또는지도,,0,126.953834,37.602322
P97246,북한산,114100801,목계단끝,기타,,0,126.943196,37.594268
P97247,북한산,114100801,목계단시작,기타,,0,126.943184,37.598362
P97248,북한산,114100801,무임목지,기타,,0,126.942601,37.59829
P97249,북한산,114100801,조망점,조망점,,0,126.941771,37.599506
P97250,북한산,114100801,목다리,기타,,0,126.943283,37.599477
P97251,북한산,114100801,시설물(운동기구등),시설물(운동기구 등),,0,126.943038,37.598269
P97252,북한산,114100801,조망점,조망점,,0,126.944211,37.598416
P97253,북한산,114100801,목계단끝,기타,,0,126.943472,37.598359
P97254,북한산,114100801,무임목지,기타,,0,126.943434,37.600789
P97255,북한산,114100801,조망점,조망점,,0,126.947052,37.604727
P97256,북한산,114100801,조망점,조망점,,0,126.947898,37.604548
P97257,북한산,114100801,무임목지,기타,,0,126.948616,37.60473
P97258,북한산,114100801,조망점,조망점,,0,126.948837,37.605675
P97259,북한산,114100801,무임목지,기타,,0,126.948501,37.605854
P97260,북한산,114100801,무임목지,기타,,0,126.948702,37.6058
P97261,북한산,114100801,조망점,조망점,,0,126.949297,37.606745
P97262,북한산,114100801,가로등,가로등,,0,126.94755,37.605047
P97263,북한산,114100801,성벽,"유적(문화, 역사)",,0,126.95286,37.6013
P97264,북한산,114100801,측량기준점,기타,,0,126.951629,37.602
P97265,북한산,114100801,안내판또는지도,안내판또는지도,,0,126.951152,37.60114
P84820,청계산,116500804,시종점,시종점,,1,127.049822,37.440037
P84306,청계산,412900401,"점멸기,연립주택",기타,"잘않보임,페인트낚서,前천경사",0,127.011535,37.42194
P84307,청계산,412900401,기타,기타,1개흔들림,0,127.012897,37.419338
P84308,청계산,412900401,기타,기타,,0,127.045809,37.429156
P84309,청계산,412900401,목계단,기타,,0,127.046079,37.429334
P84310,청계산,412900401,기타,기타,호흡법,0,127.046178,37.429483
P84311,청계산,412900401,"이정표,삼각점",이정표,"1976년시설,길마재",0,127.046391,37.429704
P84312,청계산,412900401,기타,기타,,0,127.046707,37.430041
P84313,청계산,412900401,조류현황,기타,등산지도,0,127.046928,37.43022
P84314,청계산,412900401,목계단,기타,,0,127.047456,37.430942
P84315,청계산,412900401,"안내판,경계목",안내판또는지도,,0,127.047378,37.431437
P84316,청계산,412900401,"긴급연락처,목계단,감시초소",기타,먼지심함,0,127.047285,37.432012
P84317,청계산,412900401,목계단,기타,길마재,0,127.047295,37.432321
P84318,청계산,412900401,"목계단,모래함",기타,,0,127.046755,37.432564
P84319,청계산,412900401,"안내판,목계단",안내판또는지도,,0,127.046565,37.432965
P84320,청계산,412900401,"안내판,통신시설,목계단,삼각점",안내판또는지도,,0,127.046385,37.433541
P84321,청계산,412900401,"안내판,모래함,목계단",안내판또는지도,,0,127.04542,37.434015
P84322,청계산,412900401,팬스,기타,대공원설치,0,127.044566,37.4345
P84323,청계산,412900401,"안내판,목계단,경계목",안내판또는지도,,0,127.044036,37.435551
P84324,청계산,412900401,"긴급연락처,목계단,T.P기준석",기타,청계산-6,0,127.043503,37.435982
P84325,청계산,412900401,"안내판,T.P기준석",안내판또는지도,원터골,0,127.043275,37.436595
P84326,청계산,412900401,기타,기타,,0,127.041293,37.438115
P84327,청계산,412900401,T.P기준석,기타,,0,127.013157,37.418931
P84328,청계산,412900401,긴급연락처,기타,원터골,0,127.041013,37.438311
P84329,청계산,412900401,기타,기타,떡갈나무,0,127.040217,37.438529
P84330,청계산,412900401,기타,기타,일송정쉼터,0,127.039553,37.438494
P84331,청계산,412900401,기타,기타,,0,127.039195,37.438365
P84332,청계산,412900401,기타,기타,,0,127.038634,37.438593
P84333,청계산,412900401,떡갈나무,주요나무,군락지,0,127.037741,37.438553
P84334,청계산,412900401,목계단,기타,,0,127.036906,37.438803
P84335,청계산,412900401,기타,기타,,0,127.03667,37.439008
P84336,청계산,412900401,기타,기타,,0,127.036317,37.439083
P84337,청계산,412900401,기타,기타,"쓰레기발생,이용안내,산바람쉼터",0,127.035843,37.439659
P84338,청계산,412900401,기타,기타,로프설치,0,127.035647,37.440164
P84339,청계산,412900401,기타,기타,삼부골,0,127.035438,37.441208
P84340,청계산,412900401,기타,기타,청계산유래,0,127.035796,37.441493
P84341,청계산,412900401,기타,기타,불규칙,0,127.036178,37.441667
P84342,청계산,412900401,기타,기타,임꺽정길,0,127.036571,37.44195
P84343,청계산,412900401,지적표시물,기타,,0,127.036814,37.442318
P84344,청계산,412900401,목계단,기타,,0,127.037052,37.442478
P84345,청계산,412900401,기타,기타,,0,127.03713,37.442919
P84346,청계산,412900401,"포유류현황,목계단",기타,과천시설치,0,127.037487,37.443284
P84347,청계산,412900401,기타,기타,발맛사지,0,127.037742,37.443928
P84348,청계산,412900401,기타,기타,,0,127.03802,37.444234
P84349,청계산,412900401,기타,기타,피톤치드,0,127.038356,37.445084
P84350,청계산,412900401,기타,기타,,0,127.038172,37.445904
P84351,청계산,412900401,"목계단,돌축대,경계목",기타,,0,127.037585,37.446391
P84352,청계산,412900401,"안내판,목계단,돌탑",안내판또는지도,,0,127.037206,37.44667
P84353,청계산,412900401,지적경계점,기타,,0,127.037368,37.447207
P84354,청계산,412900401,"안내판,지적표시물,목계단,목축대",안내판또는지도,,0,127.037484,37.447459
P84355,청계산,412900401,"지적표시물,목계단",기타,,0,127.037313,37.447793
P84356,청계산,412900401,지적표시물,기타,,0,127.037292,37.448016
P84357,청계산,412900401,"안내판,지적표시물,잣나무",안내판또는지도,"피톤치드,맨발길",0,127.037401,37.448298
P84358,청계산,412900401,"안내판,지적표시물",안내판또는지도,솔밭쉼터,0,127.037514,37.44859
P84359,청계산,412900401,"포유류현황,지적표시물",기타,"과천시설치,개나리약수",0,127.037856,37.448963
P84360,청계산,412900401,묘지,기타,,0,127.03768,37.44939
P84361,청계산,412900401,나비류현황,기타,과천시설치,0,127.037551,37.449833
P84362,청계산,412900401,기타,기타,,0,127.03703,37.450699
P84363,청계산,412900401,목계단,기타,,0,127.036632,37.451253
P84364,청계산,412900401,목계단,기타,,0,127.013555,37.417698
P84365,청계산,412900401,기타,기타,"녹슬음,폐쇄요함",0,127.011833,37.421662
P84366,청계산,412900401,T.P기준석,기타,,0,127.013367,37.416675
P84367,청계산,412900401,목계단,기타,,0,127.006323,37.429504
P84368,청계산,412900401,목계단,기타,로프구간,0,127.006771,37.429429
P84369,청계산,412900401,삼각점,기타,1980년 시설,0,127.007047,37.429249
P84370,청계산,412900401,공동묘지,기타,,0,127.008063,37.428231
P84371,청계산,412900401,목계단,기타,,0,127.008552,37.427965
P84372,청계산,412900401,기타,기타,대공원방향,0,127.008802,37.427883
P84373,청계산,412900401,기타,기타,대공원방향,0,127.009211,37.427622
P84374,청계산,412900401,묘지,기타,,0,127.009285,37.427047
P84375,청계산,412900401,기타,기타,,0,127.013303,37.415816
P84376,청계산,412900401,"팬스철조망,새집",기타,"대공원설치,흔적없음",0,127.010982,37.426236
P84377,청계산,412900401,팬스,기타,상수도시설,0,127.011677,37.425515
P84378,청계산,412900401,기타,기타,노후됨,0,127.012214,37.424714
P84379,청계산,412900401,목계단,기타,로프구간,0,127.013467,37.415283
P84380,청계산,412900401,"니기다,소나무",기타,,0,127.013089,37.423476
P84381,청계산,412900401,"팬스,삼각점",기타,대공원설치,0,127.012692,37.422162
P84382,청계산,412900401,기타,기타,"대공원방향,문원1단지",0,127.012678,37.421513
P84383,청계산,412900401,"목계단,묘지",기타,,0,127.012768,37.421276
P84384,청계산,412900401,목계단,기타,,0,127.012932,37.421105
P84385,청계산,412900401,기타,기타,로프구간,0,127.013506,37.41481
P84386,청계산,412900401,종합안내판,안내판또는지도,,0,126.999428,37.423157
P84387,청계산,412900401,기타,기타,,0,126.999854,37.422906
P84388,청계산,412900401,목계단,기타,,0,127.0002,37.422713
P84389,청계산,412900401,"안내판,묘지,점멸기",안내판또는지도,"점검요,과천시장,푸른산..,산불방지..,노후됨",0,127.000372,37.42259
P84390,청계산,412900401,기타,기타,예전진입로,0,127.000694,37.422414
P84391,청계산,412900401,자전거보관,기타,"이용X,숲가꾸기",0,127.000766,37.422263
P84392,청계산,412900401,"안내판,지압보드",안내판또는지도,만남의장소,0,127.000962,37.422086
P84393,청계산,412900401,기타,기타,,0,127.001303,37.422014
P84394,청계산,412900401,기타,기타,,0,127.00149,37.421957
P84395,청계산,412900401,묘지,기타,,0,127.001686,37.421856
P84396,청계산,412900401,기타,기타,산림은..,0,127.001898,37.421809
P84397,청계산,412900401,묘지,기타,,0,127.002078,37.421763
P84398,청계산,412900401,"안내판,네온간판,헬스장,배드민턴장,5호약수,6호약수,운동기구,목계단",안내판또는지도,"무릎충격,우천시사용,당부사항,애완동물,등산안내,계몽방송,산불조심",0,127.003029,37.421362
P84399,청계산,412900401,긴급연락,기타,"이용객있음,대부분이용",0,127.003065,37.421005
P84400,청계산,412900401,기타,기타,산림혜택,0,127.003803,37.420696
P84401,청계산,412900401,"긴급연락,철탑",기타,"매봉-1,숲기능..",0,127.005234,37.420649
P84402,청계산,412900401,"벤치,오동나무",벤치,,0,127.00761,37.419832
P84403,청계산,412900401,기타,기타,발에걸림,0,127.009252,37.418875
P84404,청계산,412900401,기타,기타,"로프구간,훼손심각",0,127.012772,37.417509
P84405,청계산,412900401,목계단,기타,로프구간,0,127.013582,37.414224
P84406,청계산,412900401,철탑,기타,,0,127.013429,37.413247
P84407,청계산,412900401,기타,기타,산림의..,0,127.012423,37.412307
P84408,청계산,412900401,삼각점,기타,1976년,0,127.011823,37.412145
P84409,청계산,412900401,기타,기타,숲은..,0,127.010322,37.412175
P84410,청계산,412900401,기타,기타,,0,127.009289,37.412199
P84411,청계산,412900401,"조망,주걱바위",조망점,"평촌보임,밥주걱모양,수자원기능,사기막2약수",0,127.008497,37.412195
P84412,청계산,412900401,기타,기타,,0,127.006956,37.410426
P84413,청계산,412900401,기타,기타,,0,127.007071,37.409526
P84414,청계산,412900401,기타,기타,,0,127.006245,37.408385
P84415,청계산,412900401,기타,기타,,0,127.000107,37.404802
P84416,청계산,412900401,기타,기타,"이미마을,쉼터",0,126.999715,37.40466
P84417,청계산,412900401,"벤치,T.P기준석",벤치,,0,126.994363,37.40502
P84418,청계산,412900401,"목계단,안전로프",기타,불규칙,0,126.993948,37.404238
P84419,청계산,412900401,철조망,기타,사유지시설,0,126.993433,37.403946
P84420,청계산,412900401,묘지,기타,,0,126.99284,37.403385
P84421,청계산,412900401,철탑,기타,,0,127.013723,37.413834
P84422,청계산,412900401,목계단,기타,,0,127.012034,37.421396
P84423,청계산,412900401,목계단,기타,"우측돌돌출,대공원방향,녹슬음",0,127.013502,37.420459
P84424,청계산,412900401,"안내판,운동기구,매봉1약수",안내판또는지도,"애완동물..,수질검사..,철봉..,대공원방향",0,127.013856,37.420233
P84425,청계산,412900401,"목계단,철조망",기타,"많이이용,엉망,경계목",0,127.014044,37.42016
P84426,청계산,412900401,목계단,기타,,0,127.015118,37.419454
P84427,청계산,412900401,목계단,기타,,0,127.015148,37.419251
P84428,청계산,412900401,"벤치,목계단,운동기구",벤치,이용않함,0,127.01523,37.418966
P84429,청계산,412900401,"안내판,운동기구,매봉2약수",안내판또는지도,"애완동물..,수질검사,보호구역..,이용객적다",0,127.015513,37.418768
P84430,청계산,412900401,목계단,기타,,0,127.015758,37.418679
P84431,청계산,412900401,"철조망,목계단",기타,대공원설치,0,127.015995,37.418745
P84432,청계산,412900401,"목계단,울타리",기타,대공원설치,0,127.016048,37.418502
P84433,청계산,412900401,"안내판,철조망,T.P기준석,8부능선길",안내판또는지도,"대공원설치,출입통제..,이용객많다",0,127.015725,37.418248
P84434,청계산,412900401,"안내판,나무다리",안내판또는지도,"아치형,산불조심",0,127.005484,37.417553
P84435,청계산,412900401,기타,기타,안내판,0,127.005693,37.417424
P84436,청계산,412900401,웅덩이,기타,콘크리트,0,127.005795,37.417341
P84437,청계산,412900401,"벤치,목계단",벤치,,0,127.00611,37.417265
P84438,청계산,412900401,기타,기타,숲의..,0,127.007984,37.416188
P84439,청계산,412900401,기타,기타,,0,127.00839,37.415902
P84440,청계산,412900401,"목계단,배수로",기타,"로프설치,훼손",0,127.008759,37.415694
P84441,청계산,412900401,철탑,기타,,0,127.015867,37.413588
P84442,청계산,412900401,"119간판,사기막1,일광욕의자,콘크리트,운동기구",기타,"수질검사,철거요함,산림체조..,산림욕..,산림은..,긴급연락처,1989년",0,127.009473,37.415422
P84443,청계산,412900401,야외강의장,기타,75명규모,0,127.010098,37.414887
P84444,청계산,412900401,긴급연락처,기타,"119간판,前야영장",0,127.011228,37.413531
P84445,청계산,412900401,안전로프,기타,,0,127.012065,37.413278
P84446,청계산,412900401,목계단,기타,흙유실,0,127.012568,37.412996
P84447,청계산,412900401,기타,기타,숲은..,0,127.001767,37.415932
P84448,청계산,412900401,기타,기타,숲은..,0,127.002927,37.415385
P84449,청계산,412900401,"안내판,?기둥,약수터",안내판또는지도,"철거요함,사기막2약수,수질검사,애완동물",0,127.003484,37.414695
P84450,청계산,412900401,"벤치,배드민턴장,운동기구,묘지",벤치,"훼손,관리안됨,철봉,역기",0,127.003715,37.414526
P84451,청계산,412900401,안전로프,기타,엉성,0,127.004325,37.414374
P84452,청계산,412900401,배수로,기타,,0,127.009737,37.425863
P84453,청계산,412900401,울타리,기타,"수녀원설치,예전등산로",0,127.011429,37.424896
P84454,청계산,412900401,돌계단,기타,훼손(방치),0,127.011828,37.424792
P84455,청계산,412900401,T.P기준석,기타,,0,127.017877,37.413335
P84456,청계산,412900401,"낙엽송,묘지",주요나무,,0,126.998265,37.408093
P84457,청계산,412900401,기타,기타,미술관방향,0,126.999017,37.407183
P84458,청계산,412900401,기타,기타,,0,127.000788,37.406907
P84459,청계산,412900401,한전철탑,기타,,0,127.003078,37.423435
P84460,청계산,412900401,기타,기타,"이용없음,길막혔음",0,127.003537,37.423389
P84461,청계산,412900401,철탑초소,기타,사용않함,0,127.003977,37.423315
P84462,청계산,412900401,전경사진,기타,,0,127.004777,37.422704
P84463,청계산,412900401,기타,기타,우회등산로,0,127.01838,37.413165
P84464,청계산,412900401,철골구조물,기타,,0,127.008422,37.421684
P84465,청계산,412900401,개사육장,기타,,0,127.007818,37.421199
P84466,청계산,412900401,"벤치,샘터자리",벤치,"노후,폐쇄",0,127.007585,37.420994
P84467,청계산,412900401,산소,기타,,0,127.007159,37.420476
P84468,청계산,412900401,웅덩이,기타,,0,127.005894,37.417709
P84469,청계산,412900401,웅덩이,기타,,0,127.005857,37.417866
P84470,청계산,412900401,기타,기타,,0,127.005859,37.418107
P84471,청계산,412900401,지하수펌프,기타,,0,127.006143,37.418396
P84472,청계산,412900401,"안내판,나무막사,개인주택,수도시설",안내판또는지도,숲의..,0,127.006277,37.418717
P84473,청계산,412900401,텃밭진입로,기타,,0,127.005953,37.418685
P84474,청계산,412900401,"콘크리트벽,빈공터",기타,,0,127.006016,37.419402
P84475,청계산,412900401,"산소자리,목계단",기타,"관리엉망,불규칙",0,127.00654,37.419645
P84476,청계산,412900401,"이정표,나무다리",이정표,,0,127.002842,37.421686
P84477,청계산,412900401,"시설물,나무다리",시설물(운동기구 등),,0,127.003177,37.421657
P84478,청계산,412900401,"안내판,목계단,목축대,거울",안내판또는지도,"산림체조..,산림욕이란,수자원기능..",0,127.003387,37.421838
P84479,청계산,412900401,묘터,기타,,0,127.003975,37.422483
P84480,청계산,412900401,"매봉산가든,개인주택,울타리,텃밭",기타,대중음식점,0,127.000825,37.424953
P84481,청계산,412900401,기타,기타,미끄럽다,0,127.00161,37.423682
P84482,청계산,412900401,목계단,기타,녹슬음,0,127.012095,37.421301
P84483,청계산,412900401,"팬스,철조망",기타,대공원설치,0,127.019215,37.412906
P84484,청계산,412900401,한전철탑,기타,,0,127.002662,37.423511
P84485,청계산,412900401,팬스,기타,대공원설치,0,127.021858,37.412408
P84486,청계산,412900401,담장,기타,,0,127.036117,37.457397
P84487,청계산,412900401,비닐하우스,기타,,0,127.03639,37.457024
P84488,청계산,412900401,"밤나무,철구조물",주요나무,,0,127.036732,37.456397
P84489,청계산,412900401,"나무,샘터",주요나무,폐쇄,0,127.037169,37.455169
P84490,청계산,412900401,"안내판,잣나무",안내판또는지도,공원에개를..,0,127.036913,37.45467
P84491,청계산,412900401,"산소,지적표시",기타,,0,127.036661,37.454331
P84492,청계산,412900401,"지적표시,샘터",기타,,0,127.036529,37.45397
P84493,청계산,412900401,목계단,기타,"엉성,산소가는길",0,127.03644,37.45369
P84494,청계산,412900401,팬스,기타,,0,127.022125,37.412448
P84495,청계산,412900401,기타,기타,,0,127.025561,37.443925
P84496,청계산,412900401,"수도,창고",기타,,0,127.026011,37.443827
P84497,청계산,412900401,과수원,기타,배밭,0,127.026326,37.443756
P84498,청계산,412900401,고추밭,기타,,0,127.026927,37.443473
P84499,청계산,412900401,"저수지,철구조물,배수로",기타,"등산로입구,과수원설치",0,127.027186,37.443216
P84500,청계산,412900401,기타,기타,,0,127.027707,37.4429
P84501,청계산,412900401,전경사진,기타,,0,127.028679,37.441838
P84502,청계산,412900401,기타,기타,,0,127.034501,37.441731
P84503,청계산,412900401,산소,기타,,0,127.029243,37.440801
P84504,청계산,412900401,T.P기준석,기타,,0,127.024306,37.41252
P84505,청계산,412900401,철망,기타,,0,127.019052,37.436161
P84506,청계산,412900401,묘터,기타,,0,127.019217,37.436321
P84507,청계산,412900401,전경사진,기타,,0,127.019723,37.436689
P84508,청계산,412900401,기타,기타,우회로,0,127.020605,37.437521
P84509,청계산,412900401,임시쉼터,기타,"간이벤치,산불난곳",0,127.020671,37.438357
P84510,청계산,412900401,철망,기타,,0,127.021155,37.438647
P84511,청계산,412900401,기타,기타,,0,127.021663,37.438862
P84512,청계산,412900401,철망,기타,,0,127.021981,37.439139
P84513,청계산,412900401,T.P기준석,기타,우회등산로,0,127.024913,37.412386
P84514,청계산,412900401,철망,기타,뚫려있음,0,127.022233,37.439327
P84515,청계산,412900401,철망,기타,뚫려있음,0,127.022419,37.439434
P84516,청계산,412900401,"철망,표석",기타,"뚫려있음,산불지",0,127.022635,37.43948
P84517,청계산,412900401,철망,기타,,0,127.023034,37.43971
P84518,청계산,412900401,기타,기타,"막혔음,우회로접점",0,127.023707,37.440055
P84519,청계산,412900401,"긴급연락처,헬기장",기타,,0,127.025299,37.412472
P84520,청계산,412900401,긴급연락처,기타,,0,127.026687,37.412163
P84521,청계산,412900401,기타,기타,녹슬음,0,127.012161,37.421136
P84522,청계산,412900401,기타,기타,우회등산로,0,127.027629,37.412173
P84523,청계산,412900401,"긴급연락처,T.P기준석",기타,,0,127.029704,37.412796
P84524,청계산,412900401,기타,기타,,0,127.031235,37.413041
P84525,청계산,412900401,"팬스,안테나",기타,"대공원설치,불법설치물",0,127.034062,37.413986
P84526,청계산,412900401,T.P기준석,기타,,0,127.035735,37.414108
P84527,청계산,412900401,기타,기타,"산악사고,청계사",0,127.037776,37.413726
P84528,청계산,412900401,기타,기타,,0,127.037886,37.41391
P84529,청계산,412900401,기타,기타,,0,127.038632,37.414274
P84530,청계산,412900401,목계단,기타,녹슬음,0,127.012457,37.420812
P84531,청계산,412900401,"맨홀,곡점",기타,,0,127.039095,37.41453
P84532,청계산,412900401,곡점,기타,,0,127.040032,37.414616
P84533,청계산,412900401,곡점,기타,,0,127.041117,37.415342
P84534,청계산,412900401,"긴급연락처,목계단",기타,"이수봉,일부훼손",0,127.041403,37.415717
P84535,청계산,412900401,경계목,기타,로프구간,0,127.042003,37.415876
P84536,청계산,412900401,"소나무,경계석,철조망",주요나무,군사시설,0,127.04186,37.416383
P84537,청계산,412900401,"이정표,가드레일,경계석,목계단,헬기장",이정표,"군사도로,군사지역",0,127.041692,37.416772
P84538,청계산,412900401,"돌탑,소나무",기타,,0,127.042039,37.417692
P84539,청계산,412900401,긴급연락처,기타,,0,127.042603,37.419354
P84540,청계산,412900401,"조망,군사시설,위험",조망점,"청결불량,군사도로",0,127.042506,37.419798
P84541,청계산,412900401,"석기봉,긴급연락처",기타,,0,127.04216,37.420525
P84542,청계산,412900401,"철조망,안전로프,T.P기준석",기타,"군사시설,수리시급",0,127.042185,37.421081
P84543,청계산,412900401,기타,기타,,0,127.04182,37.421502
P84544,청계산,412900401,경계석,기타,육군가설,0,127.041791,37.422057
P84545,청계산,412900401,철조망,기타,,0,127.041405,37.422312
P84546,청계산,412900401,기타,기타,,0,127.041211,37.422387
P84547,청계산,412900401,기타,기타,,0,127.04113,37.42253
P84548,청계산,412900401,목계단,기타,,0,127.012758,37.419766
P84549,청계산,412900401,기타,기타,복잡,0,127.041194,37.422879
P84550,청계산,412900401,"망경대,경계석,안전로프",기타,"바람조심,육군가설,허술함",0,127.041392,37.422737
P84551,청계산,412900401,안전띠,기타,석기봉,0,127.041754,37.423145
P84552,청계산,412900401,"이정표,혈읍재",이정표,"마왕굴,옛골",0,127.041687,37.423771
P84553,청계산,412900401,곡점경계석,기타,,0,127.042081,37.425336
P84554,청계산,412900401,기타,기타,,0,127.042008,37.425617
P84555,청계산,412900401,"조망,T.P기준석,팬스",조망점,,0,127.042077,37.425823
P84556,청계산,412900401,긴급연락처,기타,,0,127.041924,37.426516
P84557,청계산,412900401,목계단,기타,,0,127.042019,37.427273
P84558,청계산,412900401,기타,기타,로프구간,0,127.012674,37.419681
P84559,청계산,412900401,돌계단,기타,동절기결빙,0,127.043487,37.427901
P84560,청계산,412900401,기타,기타,,0,127.043671,37.428087
P84561,청계산,412900401,"안내판,충혼비,통신시설,팬스",안내판또는지도,,0,127.043844,37.428194
P84562,청계산,412900401,"식생도,돌문바위,목계단",기타,과천시설치,0,127.044684,37.428695
P84563,청계산,412900401,돌계단,기타,,0,127.044695,37.428866
P84564,청계산,412900401,돌계단,기타,,0,127.044756,37.429048
P84565,청계산,412900401,목계단,기타,,0,127.045226,37.429078
P84566,청계산,412900401,기타,기타,,0,127.04542,37.429084
P84567,청계산,412900401,기타,기타,"도로,성일농장",0,126.998515,37.416264
P84568,청계산,412900401,전경사진,기타,,0,127.000311,37.416027
P84569,청계산,412900401,"밤나무,텃밭",주요나무,,0,127.002181,37.411134
P84570,청계산,412900401,기타,기타,산소진입로,0,127.003021,37.411052
P84571,청계산,412900401,기타,기타,산소진입로,0,127.004273,37.412404
P84572,청계산,412900401,기타,기타,산소진입로,0,127.005342,37.413259
P84573,청계산,412900401,"조망,금정수",조망점,하늘샘',0,127.04137,37.4212
P84574,청계산,412900401,"안내판,마왕굴",안내판또는지도,,0,127.040731,37.42164
P84575,청계산,412900401,펜스,기타,"대공원경계,예전등산로",0,127.039803,37.422055
P84576,청계산,412900401,펜스,기타,대공원경계,0,127.039404,37.422626
P84577,청계산,412900401,펜스,기타,대공원경계,0,127.039888,37.423416
P84578,청계산,412900401,펜스,기타,대공원경계,0,127.041213,37.423775
P84579,청계산,412900401,기타,기타,,0,127.030632,37.437629
P84580,청계산,412900401,기타,기타,원터골가는길,0,127.033583,37.435436
P84581,청계산,412900401,"조망,마당바위",조망점,규모작음,0,127.033401,37.437086
P84582,청계산,412900401,아이스박스,기타,"막걸리장사,쉼터",0,127.035428,37.438642
P84583,청계산,412900401,폭포,기타,"이름없음,대공원방향",0,127.033336,37.434575
P84584,청계산,412900401,계곡,기타,,0,127.03507,37.435153
P84585,청계산,412900401,폭포,기타,,0,127.035818,37.435375
P84586,청계산,412900401,표석,기타,,0,127.036489,37.436004
P84587,청계산,412900401,기타,기타,산소많은길,0,127.037265,37.436221
P84588,청계산,412900401,표석,기타,,0,127.038125,37.436451
P84589,청계산,412900401,물저장통,기타,,0,127.043359,37.435698
P84590,청계산,412900401,물저장통,기타,산불시사용,0,127.042176,37.435374
P84591,청계산,412900401,기타,기타,훼손,0,127.042387,37.434707
P84592,청계산,412900401,곡점표석,기타,,0,127.042301,37.434326
P84593,청계산,412900401,산소,기타,,0,127.042294,37.434088
P84594,청계산,412900401,곡점표석,기타,,0,127.042216,37.433726
P84595,청계산,412900401,맨홀,기타,,0,127.041738,37.432142
P84596,청계산,412900401,곡점표석,기타,,0,127.041469,37.431625
P84597,청계산,412900401,곡점표석,기타,,0,127.041424,37.43095
P84598,청계산,412900401,"조망,로프",조망점,,0,127.041215,37.429663
P84599,청계산,412900401,철조망,기타,막아났음,0,127.042415,37.427952
P84600,청계산,412900401,기타,기타,"청계-1,누락",0,127.013434,37.416362
P84601,청계산,412900401,기타,기타,노폭좁음,0,127.013563,37.416206
P84602,청계산,412900401,기타,기타,경사심함,0,127.01386,37.415757
P84603,청계산,412900401,울타리,기타,대공원설치,0,127.014761,37.415047
P84604,청계산,412900401,철조망,기타,"대공원설치,쓰러진나무",0,127.01552,37.414742
P84605,청계산,412900401,샘터,음수대,,0,127.011664,37.415357
P84606,청계산,412900401,산소,기타,,0,127.011343,37.415249
P84607,청계산,412900401,전경사진,기타,,0,127.012898,37.413947
P84608,청계산,412900401,혈읍재 이정표,이정표,,0,127.041578,37.42365
P84609,청계산,412900401,옺샘,음수대,,0,127.056843,37.428281
P84610,청계산,412900401,기타,기타,,0,127.059536,37.429564
P84611,청계산,412900401,등산로 안내도,안내판또는지도,,0,127.066372,37.424642
P84612,청계산,412900401,화장실,화장실,,0,127.065984,37.424409
P84613,청계산,412900401,벤치,벤치,,0,127.064413,37.423103
P84614,청계산,412900401,"이정표,정자",이정표,,0,127.063077,37.422313
P84615,청계산,412900401,철다리,기타,,0,127.055782,37.42258
P84616,청계산,412900401,동자샘 약수터,음수대,,0,127.044554,37.417945
P84617,청계산,412900401,망경대 갈림길,분기점,,0,127.042853,37.41754
P84618,청계산,412900401,벤치,벤치,,0,127.041699,37.416215
P84619,청계산,412900401,절고개능선 이정표,이정표,,0,127.042418,37.415385
P84620,청계산,412900401,헬기장,헬기장,,0,127.046685,37.413595
P84621,청계산,412900401,이수봉,기타,,0,127.046728,37.41361
P84622,청계산,412900401,"옛골,금토동갈림길",기타,,0,127.049111,37.413901
P84623,청계산,412900401,목배등이정표,이정표,,0,127.051215,37.417064
P84624,청계산,412900401,"이정표,벤치,",이정표,,0,127.054243,37.419745
P84625,청계산,412900401,천수샘약수터,음수대,,0,127.057291,37.418866
P84626,청계산,412900401,정자,정자,,0,127.058674,37.419501
P84627,청계산,412900401,벤치,벤치,,0,127.060824,37.420954
P84628,청계산,412900401,어둔골이정표,이정표,,0,127.061113,37.421037
P84629,청계산,412900401,벤치,벤치,,0,127.068242,37.420255
P84630,청계산,412900401,벤치,벤치,,0,127.064196,37.415972
P84631,청계산,412900401,이정표,이정표,,0,127.063893,37.415696
P84632,청계산,412900401,"금토동,이수봉 이정표",기타,,0,127.062823,37.414938
P84633,청계산,412900401,"화장실,헬기장",화장실,,0,127.042579,37.419486
P84634,청계산,412900401,위험지,위험지역,,0,127.042424,37.419922
P84635,청계산,412900401,조망점,조망점,,0,127.041981,37.420586
P84636,청계산,412900401,"메봉이정표,화장실",이정표,,0,127.067648,37.427275
P84637,청계산,412900401,벤치,벤치,,0,127.063865,37.427531
P84638,청계산,412900401,청계골갈림길 이정표,이정표,,0,127.062382,37.429487
P84639,청계산,412900401,매봉이정표,이정표,,0,127.059401,37.429405
P84640,청계산,412900401,청계골갈림길 이정표,이정표,,0,127.059352,37.429779
P84641,청계산,412900401,벤치,벤치,,0,127.058925,37.429788
P84642,청계산,412900401,벤치,벤치,,0,127.053798,37.429144
P84643,청계산,412900401,벤치,벤치,,0,127.052189,37.428655
P84644,청계산,412900401,벤치,벤치,,0,127.047544,37.430967
P84645,청계산,412900401,"삼각점,벤치,이정표",기타,,0,127.046303,37.429545
P84646,청계산,412900401,위험지역,위험지역,,0,127.046282,37.429538
P84647,청계산,412900401,돌문바위,기타,,0,127.045879,37.429238
P84648,청계산,412900401,충혼비,기타,,0,127.045855,37.429193
P84649,청계산,412900401,매바위,기타,,0,127.044727,37.428714
P84650,청계산,412900401,국사봉갈림길,분기점,,0,127.046282,37.413614
P84651,청계산,412900401,국사봉,기타,,0,127.0437,37.404224
P84652,청계산,412900401,정신문화연구원 갈림길,분기점,,0,127.054073,37.402726
P84653,청계산,412900401,벤치,벤치,,0,127.055689,37.397904
P84654,청계산,412900401,순환도로지하통로,기타,,0,127.055828,37.396659
P84655,청계산,412900401,"의왕복골,백운산 이정표",기타,,0,127.027722,37.372893
P84656,청계산,412900401,철탑,기타,,0,127.027977,37.373588
P84657,청계산,412900401,백운호수 이정표,이정표,,0,127.027054,37.375394
P84658,청계산,412900401,백운호수 하오고개 이정표,이정표,,0,127.027494,37.378974
P84659,청계산,412900401,송신탑,기타,,0,127.037909,37.390085
P84660,청계산,412900401,중계소탑,기타,,0,127.039627,37.392922
P84661,청계산,412900401,위험지,위험지역,,0,127.040113,37.393081
P84662,청계산,412900401,도로횡단길,기타,,0,127.03794,37.393517
P84663,청계산,412900401,도로횡단길 이정표,이정표,,0,127.038628,37.393778
P84664,청계산,412900401,하오고개 입구,기타,,0,127.03903,37.394922
P84665,청계산,412900401,이정표,이정표,,0,127.102605,37.457573
P84666,청계산,412900401,"체육시설,신촌동능선이정표",시설물(운동기구 등),,0,127.103557,37.456796
P84667,청계산,412900401,시계안내도,안내판또는지도,,0,127.103063,37.456747
P84668,청계산,412900401,신촌동 이정표,이정표,,0,127.100192,37.455955
P84669,청계산,412900401,"오야동능선 이정표,체육시설",이정표,,0,127.09533,37.45659
P84670,청계산,412900401,"벤치,원형식탁",벤치,,0,127.093201,37.454822
P84671,청계산,412900401,"체육시설,벤치,이정표",시설물(운동기구 등),,0,127.092858,37.454269
P84672,청계산,412900401,전망휴게소,기타,,0,127.088819,37.450015
P84673,청계산,412900401,전망휴게소 이정표,이정표,,0,127.088832,37.449893
P84674,청계산,412900401,오야동능선이정표,이정표,,0,127.088481,37.448317
P84675,청계산,412900401,체육시설,시설물(운동기구 등),,0,127.088426,37.447445
P84676,청계산,412900401,이정표,이정표,,0,127.081375,37.440727
P84677,청계산,412900401,벤치,벤치,,0,127.081541,37.440394
P84678,청계산,412900401,이정표,이정표,,0,127.081035,37.441028
P84679,청계산,412900401,301봉 이정표,이정표,,0,127.072329,37.442539
P84680,청계산,412900401,넘밑골 이정표,이정표,,0,127.071801,37.44187
P84681,청계산,412900401,상적동능선이정표,이정표,,0,127.071864,37.439216
P84682,청계산,412900401,넘밑골 이정표,이정표,,0,127.073865,37.437996
P84683,청계산,412900401,산불감시초소,기타,,0,127.075482,37.436644
P84684,청계산,412900401,옛골능선이정표,이정표,,0,127.075197,37.435107
P84685,청계산,412900401,상적동능선이정표,이정표,,0,127.07627,37.434533
P84686,청계산,412900401,상적동능선입구이정표,이정표,,0,127.075555,37.434221
P84687,청계산,412900401,위험지,위험지역,,0,127.038513,37.397398
P84688,청계산,412900401,철탑,기타,,0,127.038216,37.397481
P84689,청계산,412900401,철탑,기타,,0,127.038282,37.399049
P84690,청계산,412900401,성서루도비꼬성지,기타,,0,127.054574,37.402449
P84691,청계산,412900401,평상,기타,,0,127.054987,37.402144
P84692,청계산,412900401,벤치,벤치,,0,127.057076,37.401882
P84693,청계산,412900401,이정표,이정표,,0,127.06708,37.403824
P84694,청계산,412900401,벤치,벤치,,0,127.069071,37.405163
P84695,청계산,412900401,이정표,이정표,32-1번,0,127.024165,37.396563
P84696,청계산,412900401,이정표,이정표,32-2번,0,127.027957,37.401043
P84697,청계산,412900401,이정표,이정표,52번,0,127.043814,37.404135
P84698,청계산,412900401,이정표,이정표,49-1번,0,127.037093,37.41191
P84699,청계산,412900401,청계사,기타,절,0,127.035496,37.412112
P84700,청계산,412900401,이정표,이정표,48-1번,0,127.034089,37.41152
P84701,청계산,412900401,지하통로,기타,청계요금소,0,127.024081,37.393962
P84702,청계산,412900401,안내판,안내판또는지도,등산안내판,0,127.025496,37.392089
P84703,청계산,412900401,이정표,이정표,22-1번,0,127.026012,37.391061
P84704,청계산,412900401,이정표,이정표,22-2번,0,127.026088,37.390069
P84705,청계산,412900401,이정표,이정표,21번,0,127.0381,37.390282
P84706,청계산,412900401,시종점,시종점,"푸른산..,당부말씀,산림욕..,주현미집",1,126.99216,37.402197
P84707,청계산,412900401,"시종점,주차장,산소가는길",시종점,낙엽송,0,126.998106,37.408482
P84708,청계산,412900401,"시종점,주말농장",시종점,,0,126.998229,37.415238
P84709,청계산,412900401,"시종점,등산지도,도원농원,진입로",시종점,"위치교정,음식점",0,126.999256,37.423464
P84710,청계산,412900401,시종점,시종점,,1,127.000515,37.425031
P84711,청계산,412900401,시종점,시종점,과천성일,1,127.000773,37.417625
P84712,청계산,412900401,분기점,분기점,"문원낚시터,학의 방향",0,127.001108,37.405913
P84713,청계산,412900401,시종점,시종점,,1,127.001786,37.411114
P84714,청계산,412900401,분기점,분기점,"5,6호약수",0,127.002452,37.4216
P84715,청계산,412900401,분기점,분기점,세골방향,0,127.002582,37.41551
P84716,청계산,412900401,시종점,시종점,명진농원,1,127.003839,37.395578
P84717,청계산,412900401,분기점,분기점,"5,6호약수",0,127.004364,37.422845
P84718,청계산,412900401,"시종점,종합안내판,돌담,경계석,공용취사장,통제초소,자전거보관,테이블의",시종점,"정OO별장,소하천,입산통제..,문화시민..,안내문,과천시,이용객적음,만남의장소,태양열",0,127.005022,37.417679
P84719,청계산,412900401,"시종점,원숭이학교,목계단",시종점,서울대공원,0,127.005918,37.430228
P84720,청계산,412900401,"이정표,배수로",이정표,"5,6호약수",0,127.005972,37.417292
P84721,청계산,412900401,분기점,분기점,"5,6호약수",0,127.006074,37.420539
P84722,청계산,412900401,분기점,분기점,매봉골,0,127.006834,37.413798
P84723,청계산,412900401,"이정표,목계단",이정표,"사기막골,문원2단지,경계로프",0,127.006881,37.41994
P84724,청계산,412900401,"시종점,전홍논원,표석,다리,비닐하우스",시종점,,0,127.00823,37.422046
P84725,청계산,412900401,분기점,분기점,,0,127.008559,37.412122
P84726,청계산,412900401,"시종점,주차장,목계단",시종점,"공용,불법투기",0,127.009733,37.425662
P84727,청계산,412900401,팬스,기타,"대공원방향,문원2단지,개방중?",0,127.009825,37.426852
P84728,청계산,412900401,분기점,분기점,,0,127.010063,37.415147
P84729,청계산,412900401,시종점,시종점,서울대공원 배드민턴장,1,127.011273,37.427844
P84730,청계산,412900401,"시종점,영보수녀원,돌계단,표시석",시종점,개발제한,0,127.011359,37.424853
P84731,청계산,412900401,시종점,시종점,,1,127.011556,37.422096
P84732,청계산,412900401,팬스철조망,기타,"대공원설치,영보수녀원",0,127.012204,37.425054
P84733,청계산,412900401,목계단,기타,"녹슬음,문원1단지,매봉1,2약수,",0,127.01298,37.420626
P84734,청계산,412900401,분기점,분기점,사기막1약수,0,127.013139,37.412918
P84735,청계산,412900401,분기점,분기점,,0,127.01345,37.413929
P84736,청계산,412900401,분기점,분기점,,0,127.013459,37.416501
P84737,청계산,412900401,분기점,분기점,"5,6호약수",0,127.013469,37.41713
P84738,청계산,412900401,"매봉(과천),긴급연락처,안전울타리,T.P기준석",기타,응봉표기,0,127.013486,37.413858
P84739,청계산,412900401,분기점,분기점,매봉1약수,0,127.013557,37.41803
P84740,청계산,412900401,분기점,분기점,"5,6호약수",0,127.013638,37.417414
P84741,청계산,412900401,"목계단,경계목",기타,"매봉2약수,일명개구멍",0,127.014354,37.419924
P84742,청계산,412900401,분기점,분기점,,0,127.016855,37.413566
P84743,청계산,412900401,"시종점,도로,현수막",시종점,입구,0,127.018894,37.435974
P84744,청계산,412900401,분기점,분기점,,0,127.024136,37.394392
P84745,청계산,412900401,시종점,시종점,,1,127.02521,37.443968
P84746,청계산,412900401,시종점,시종점,청계산,1,127.0258,37.405532
P84747,청계산,412900401,분기점,분기점,,0,127.027927,37.401309
P84748,청계산,412900401,펜스,기타,"훼손,옥녀봉,서울랜드",0,127.029101,37.440975
P84749,청계산,412900401,시종점,시종점,,1,127.029563,37.373063
P84750,청계산,412900401,이정표,이정표,33-1번,0,127.030448,37.406719
P84751,청계산,412900401,"정상부,하오고개 이정표,",정상,,0,127.031214,37.379442
P84752,청계산,412900401,이정표,이정표,48번,0,127.031931,37.413109
P84753,청계산,412900401,분기점,분기점,폭포가는길,0,127.032855,37.435576
P84754,청계산,412900401,분기점,분기점,,0,127.033862,37.404618
P84755,청계산,412900401,등산로 안내도,안내판또는지도,,0,127.033868,37.388828
P84756,청계산,412900401,주차장,주차장,청계사,0,127.035142,37.411187
P84757,청계산,412900401,분기점,분기점,,0,127.035535,37.441263
P84758,청계산,412900401,"시종점,안내판,주차장,산소,전단지걸이,개인주택",시종점,묶어있음,0,127.035747,37.457395
P84759,청계산,412900401,"조망,긴급연락처,헬기장,팬스",조망점,"등산지도,과천시전망,황토맨발길,옥녀봉,대공원설치",0,127.035847,37.439199
P84760,청계산,412900401,분기점,분기점,,0,127.036614,37.403113
P84761,청계산,412900401,"등산안내도,목계단",안내판또는지도,"밤나무골,과천시설치,쓰러져있음,1-5구간",0,127.036642,37.451509
P84762,청계산,412900401,"이정표,벤치,",이정표,,0,127.03739,37.401137
P84763,청계산,412900401,분기점,분기점,,0,127.037603,37.393247
P84764,청계산,412900401,분기점,분기점,,0,127.03777,37.413794
P84765,청계산,412900401,이정표,이정표,33번,0,127.038364,37.401804
P84766,청계산,412900401,시종점,시종점,,1,127.039126,37.394394
P84767,청계산,412900401,시종점,시종점,,1,127.039219,37.458002
P84768,청계산,412900401,분기점,분기점,,0,127.041711,37.423656
P84769,청계산,412900401,분기점,분기점,,0,127.041722,37.415693
P84770,청계산,412900401,분기점,분기점,,0,127.041755,37.416914
P84771,청계산,412900401,표석,기타,매봉가는길,0,127.04178,37.435867
P84772,청계산,412900401,"매봉,긴급연락처",기타,,0,127.041797,37.426885
P84773,청계산,412900401,분기점,분기점,,0,127.041865,37.423044
P84774,청계산,412900401,위험지,위험지역,,0,127.042148,37.420502
P84775,청계산,412900401,분기점,분기점,,0,127.042407,37.419856
P84776,청계산,412900401,분기점,분기점,,0,127.042675,37.41971
P84777,청계산,412900401,매바위,기타,,0,127.042842,37.42795
P84778,청계산,412900401,분기점,분기점,,0,127.043053,37.404943
P84779,청계산,412900401,팬스,기타,"이용객많다,대공원설치",0,127.043251,37.436134
P84780,청계산,412900401,매봉,기타,,0,127.043964,37.428243
P84781,청계산,412900401,분기점,분기점,,0,127.046794,37.413709
P84782,청계산,412900401,분기점,분기점,,0,127.047375,37.430822
P84783,청계산,412900401,분기점,분기점,,0,127.048003,37.413712
P84784,청계산,412900401,분기점,분기점,,0,127.053611,37.402574
P84785,청계산,412900401,시종점,시종점,,1,127.054765,37.393402
P84786,청계산,412900401,이정표,이정표,,0,127.055865,37.396008
P84787,청계산,412900401,"시종점,이정표",시종점,,0,127.057546,37.392809
P84788,청계산,412900401,분기점,분기점,,0,127.059381,37.429446
P84789,청계산,412900401,분기점,분기점,,0,127.063439,37.422234
P84790,청계산,412900401,"시종점,이정표,산불감시초소",시종점,,0,127.070343,37.407938
P84791,청계산,412900401,시종점,시종점,,1,127.071372,37.428725
P84792,청계산,412900401,봉오재이정표,이정표,,0,127.072074,37.422573
P84793,청계산,412900401,시종점,시종점,,1,127.072232,37.430696
P84794,청계산,412900401,"시종점,화장실",시종점,,0,127.072339,37.424437
P84795,청계산,412900401,시종점,시종점,,1,127.075664,37.422175
P84796,청계산,412900401,"인릉산정상,헬기장,이정표",정상,,0,127.088029,37.445044
P84797,청계산,412900401,시종점,시종점,,1,127.102005,37.457695
P84798,청계산,412900401,분기점,분기점,,0,127.043818,37.404136
P84799,청계산,412900401,시종점,시종점,,1,127.068181,37.427835
P75091,인왕산,114100401,기차바위,기타,,0,126.958754,37.588036
P75092,인왕산,114100401,입.출구,기타,옥인아파트뒤쪽,0,126.961799,37.583726
P75093,인왕산,114100401,석굴암1약수터,음수대,,0,126.960947,37.584296
P75094,인왕산,114100401,석굴암,기타,,0,126.95987,37.58505
P75095,인왕산,114100401,만수천약수터,음수대,,0,126.961827,37.585088
P75096,인왕산,114100401,입출구,기타,,0,126.960895,37.57786
P75097,인왕산,114100401,인왕산약수터,음수대,,0,126.958407,37.579779
P75098,인왕산,114100401,삼성각,기타,,0,126.958824,37.579158
P75099,인왕산,114100401,선바위,기타,,0,126.959097,37.578894
P75100,인왕산,114100401,국사당,기타,,0,126.959515,37.57886
P75101,인왕산,114100401,인왕사종무소,기타,,0,126.959988,37.578238
P75102,인왕산,114100401,부암약수터,음수대,,0,126.960029,37.590145
P75103,인왕산,114100401,입.출구,기타,,0,126.960315,37.591428
P75104,인왕산,114100401,성덕사약수터,음수대,,0,126.958887,37.592198
P75105,인왕산,114100401,진각사,기타,,0,126.95982,37.597652
P75106,인왕산,114100401,인호약수,기타,,0,126.956601,37.582707
P75107,인왕산,114100401,놀이기구,기타,,0,126.954022,37.581204
P75108,인왕산,114100401,청련사,기타,,0,126.953602,37.584803
P75109,인왕산,114100401,홍인약수터,음수대,,0,126.955089,37.584512
P75110,인왕산,114100401,평화통일기념석탑,기타,,0,126.953152,37.594292
P75111,인왕산,114100401,입.출구,기타,,0,126.954754,37.590784
P75112,인왕산,114100401,청운동공원,기타,,0,126.965237,37.590568
P75113,인왕산,114100401,시종점,시종점,홍제3동,1,126.949711,37.589606
P75114,인왕산,114100401,"시종점,쌈지공원",시종점,,0,126.950118,37.591216
P75115,인왕산,114100401,분기점,분기점,,0,126.951464,37.589739
P75116,인왕산,114100401,시종점,시종점,,1,126.951698,37.592629
P75117,인왕산,114100401,시종점,시종점,,1,126.951821,37.58656
P75118,인왕산,114100401,분기점,분기점,,0,126.951827,37.586178
P75119,인왕산,114100401,분기점,분기점,,0,126.952623,37.592771
P75120,인왕산,114100401,시종점,시종점,홍제3동,1,126.952706,37.59437
P75121,인왕산,114100401,시종점,시종점,홍제동,1,126.953161,37.581311
P75122,인왕산,114100401,분기점,분기점,,0,126.953766,37.587975
P75123,인왕산,114100401,분기점,분기점,,0,126.954366,37.586814
P75124,인왕산,114100401,분기점,분기점,,0,126.954391,37.595001
P75125,인왕산,114100401,분기점,분기점,,0,126.954602,37.592872
P75126,인왕산,114100401,분기점,분기점,,0,126.954629,37.586848
P75127,인왕산,114100401,환희사,기타,,0,126.954843,37.586844
P75128,인왕산,114100401,분기점,분기점,,0,126.954881,37.586499
P75129,인왕산,114100401,분기점,분기점,,0,126.954962,37.584091
P75130,인왕산,114100401,시종점,시종점,,1,126.955075,37.595531
P75131,인왕산,114100401,분기점,분기점,,0,126.955669,37.591888
P75132,인왕산,114100401,용천약수터,음수대,,0,126.955763,37.594068
P75133,인왕산,114100401,분기점,분기점,,0,126.955998,37.583269
P75134,인왕산,114100401,분기점,분기점,,0,126.956142,37.588088
P75135,인왕산,114100401,분기점,분기점,,0,126.956759,37.582725
P75136,인왕산,114100401,옥동약수터,음수대,,0,126.956788,37.58754
P75137,인왕산,114100401,시종점,시종점,홍지문옆,1,126.95698,37.598873
P75138,인왕산,114100401,분기점,분기점,,0,126.957263,37.587252
P75139,인왕산,114100401,분기점,분기점,,0,126.957308,37.588064
P75140,인왕산,114100401,분기점,분기점,,0,126.957607,37.582563
P75141,인왕산,114100401,분기점,분기점,,0,126.957723,37.582258
P75142,인왕산,114100401,분기점,분기점,,0,126.95782,37.588785
P75143,인왕산,114100401,인왕산정상,정상,,0,126.95789,37.584909
P75144,인왕산,114100401,분기점,분기점,,0,126.957969,37.584493
P75145,인왕산,114100401,분기점,분기점,,0,126.95803,37.59015
P75146,인왕산,114100401,분기점,분기점,,0,126.958069,37.591425
P75147,인왕산,114100401,분기점,분기점,,0,126.958077,37.590871
P75148,인왕산,114100401,분기점,분기점,,0,126.958141,37.59255
P75149,인왕산,114100401,분기점,분기점,,0,126.958226,37.598088
P75150,인왕산,114100401,분기점,분기점,,0,126.958843,37.596037
P75151,인왕산,114100401,분기점,분기점,,0,126.959085,37.594839
P75152,인왕산,114100401,분기점,분기점,,0,126.959116,37.592199
P75153,인왕산,114100401,분기점,분기점,,0,126.959154,37.586948
P75154,인왕산,114100401,분기점,분기점,,0,126.959168,37.586307
P75155,인왕산,114100401,보은사,기타,,0,126.959204,37.592884
P75156,인왕산,114100401,분기점,분기점,,0,126.959343,37.582605
P75157,인왕산,114100401,인왕천약수터,음수대,,0,126.959525,37.582715
P75158,인왕산,114100401,시종점,시종점,,1,126.959525,37.598488
P75159,인왕산,114100401,시종점,시종점,,1,126.960045,37.591916
P75160,인왕산,114100401,돌산약수터,음수대,적합,0,126.960101,37.593775
P75161,인왕산,114100401,석굴암2약수터,음수대,,0,126.960358,37.585357
P75162,인왕산,114100401,시종점,시종점,,1,126.960916,37.598709
P75163,인왕산,114100401,"시종점,무악동지하수",시종점,,0,126.960979,37.577343
P75164,인왕산,114100401,분기점,분기점,,0,126.961676,37.58391
P75165,인왕산,114100401,분기점,분기점,,0,126.961892,37.586971
P75166,인왕산,114100401,시종점,시종점,,1,126.961896,37.581807
P75167,인왕산,114100401,분기점,분기점,,0,126.961917,37.583752
P75168,인왕산,114100401,시종점,시종점,,1,126.96197,37.578141
P75169,인왕산,114100401,시종점,시종점,,1,126.961996,37.582992
P75170,인왕산,114100401,분기점,분기점,,0,126.962474,37.58766
P75171,인왕산,114100401,분기점,분기점,,0,126.962531,37.581109
P75172,인왕산,114100401,"시종점,윤웅렬별서",시종점,,0,126.962549,37.590454
P75173,인왕산,114100401,분기점,분기점,,0,126.962818,37.585425
P75174,인왕산,114100401,입.출구,기타,부암동무계정사4길,0,126.962842,37.588856
P75175,인왕산,114100401,분기점,분기점,,0,126.963373,37.579105
P75176,인왕산,114100401,분기점,분기점,,0,126.963924,37.584437
P75177,인왕산,114100401,분기점,분기점,,0,126.964062,37.583822
P75178,인왕산,114100401,시종점,시종점,,1,126.964068,37.580606
P75179,인왕산,114100401,"시종점,부암동사무소",시종점,,0,126.96416,37.592677
P75180,인왕산,114100401,"시종점,해맞이동산",시종점,,0,126.964758,37.583438
P75181,인왕산,114100401,시종점,시종점,,1,126.964842,37.579801
P75182,인왕산,114100401,분기점,분기점,,0,126.964897,37.589094
P75183,인왕산,114100401,"시종점,단군신전",시종점,,0,126.96568,37.57558
P75184,인왕산,114100401,시종점,시종점,,1,126.967564,37.59218
P75185,인왕산,114100401,시종점,시종점,,1,126.959909,37.57721
P43918,북악산,111100101,시종점,시종점,,1,126.961105,37.601735
P43919,북악산,111100101,분기점,분기점,,0,126.961529,37.60171
P43920,북악산,111100101,시종점,시종점,,1,126.963559,37.597187
P43921,북악산,111100101,시종점,시종점,,1,126.963894,37.602287
P43922,북악산,111100101,분기점,분기점,,0,126.964009,37.601634
P43923,북악산,111100101,분기점,분기점,,0,126.964207,37.601589
P43924,북악산,111100101,분기점,분기점,,0,126.964262,37.601858
P43925,북악산,111100101,분기점,분기점,,0,126.964334,37.601944
P43926,북악산,111100101,분기점,분기점,,0,126.964382,37.601607
P43927,북악산,111100101,분기점,분기점,,0,126.964775,37.6015
P43928,북악산,111100101,분기점,분기점,,0,126.965231,37.601379
P43929,북악산,111100101,시종점,시종점,,1,126.965444,37.60479
P43930,북악산,111100101,분기점,분기점,,0,126.965627,37.601881
P43931,북악산,111100101,분기점,분기점,,0,126.965928,37.601559
P43932,북악산,111100101,분기점,분기점,,0,126.966196,37.592416
P43933,북악산,111100101,분기점,분기점,,0,126.966262,37.600241
P43934,북악산,111100101,분기점,분기점,,0,126.966324,37.601979
P43935,북악산,111100101,분기점,분기점,,0,126.966358,37.592389
P43936,북악산,111100101,분기점,분기점,,0,126.966431,37.593202
P43937,북악산,111100101,분기점,분기점,,0,126.966461,37.600319
P43938,북악산,111100101,분기점,분기점,,0,126.966476,37.601218
P43939,북악산,111100101,분기점,분기점,,0,126.966507,37.598457
P43940,북악산,111100101,분기점,분기점,,0,126.966609,37.60014
P43941,북악산,111100101,분기점,분기점,,0,126.966631,37.600422
P43942,북악산,111100101,분기점,분기점,,0,126.966651,37.600791
P43943,북악산,111100101,분기점,분기점,,0,126.966727,37.60037
P43944,북악산,111100101,분기점,분기점,,0,126.966856,37.599614
P43945,북악산,111100101,분기점,분기점,,0,126.967119,37.598101
P43946,북악산,111100101,분기점,분기점,,0,126.967206,37.599097
P43947,북악산,111100101,분기점,분기점,,0,126.967219,37.600641
P43948,북악산,111100101,분기점,분기점,,0,126.967465,37.603491
P43949,북악산,111100101,분기점,분기점,,0,126.967499,37.599691
P43950,북악산,111100101,분기점,분기점,,0,126.967609,37.596351
P43951,북악산,111100101,분기점,분기점,,0,126.967644,37.601447
P43952,북악산,111100101,시종점,시종점,,1,126.967655,37.592168
P43953,북악산,111100101,분기점,분기점,,0,126.967703,37.600385
P43954,북악산,111100101,분기점,분기점,,0,126.967725,37.600848
P43955,북악산,111100101,분기점,분기점,,0,126.967797,37.601112
P43956,북악산,111100101,분기점,분기점,,0,126.967869,37.600925
P43957,북악산,111100101,분기점,분기점,,0,126.967893,37.599747
P43958,북악산,111100101,시종점,시종점,,1,126.967901,37.606025
P43959,북악산,111100101,분기점,분기점,,0,126.968058,37.600834
P43960,북악산,111100101,분기점,분기점,,0,126.968327,37.602848
P43961,북악산,111100101,분기점,분기점,,0,126.968356,37.60055
P43962,북악산,111100101,분기점,분기점,,0,126.968442,37.599728
P43963,북악산,111100101,분기점,분기점,,0,126.968516,37.600564
P43964,북악산,111100101,분기점,분기점,,0,126.968709,37.600323
P43965,북악산,111100101,분기점,분기점,,0,126.968728,37.600665
P43966,북악산,111100101,분기점,분기점,,0,126.968882,37.600638
P43967,북악산,111100101,분기점,분기점,,0,126.968888,37.600264
P43968,북악산,111100101,분기점,분기점,,0,126.969121,37.600269
P43969,북악산,111100101,시종점,시종점,,1,126.969142,37.602825
P43970,북악산,111100101,분기점,분기점,,0,126.969175,37.599737
P43971,북악산,111100101,분기점,분기점,,0,126.969198,37.599542
P43972,북악산,111100101,시종점,시종점,,1,126.969221,37.600669
P43973,북악산,111100101,분기점,분기점,,0,126.969502,37.600649
P43974,북악산,111100101,분기점,분기점,,0,126.970072,37.605145
P43975,북악산,111100101,분기점,분기점,,0,126.970242,37.598489
P43976,북악산,111100101,분기점,분기점,,0,126.970303,37.597068
P43977,북악산,111100101,분기점,분기점,,0,126.970433,37.600725
P43978,북악산,111100101,시종점,시종점,,1,126.971127,37.599052
P43979,북악산,111100101,분기점,분기점,,0,126.972153,37.600411
P43980,북악산,111100101,시종점,시종점,,1,126.972217,37.607517
P43981,북악산,111100101,분기점,분기점,,0,126.972425,37.600465
P43982,북악산,111100101,분기점,분기점,,0,126.972473,37.60015
P43983,북악산,111100101,분기점,분기점,,0,126.972578,37.600002
P43984,북악산,111100101,분기점,분기점,,0,126.972777,37.602184
P43985,북악산,111100101,분기점,분기점,,0,126.972836,37.6
P43986,북악산,111100101,분기점,분기점,,0,126.973643,37.601395
P43987,북악산,111100101,시종점,시종점,,1,126.973946,37.60916
P43988,북악산,111100101,분기점,분기점,,0,126.975633,37.601396
P43989,북악산,111100101,시종점,시종점,,1,126.975681,37.608759
P43990,북악산,111100101,분기점,분기점,,0,126.975889,37.601039
P43991,북악산,111100101,분기점,분기점,,0,126.976139,37.605886
P43992,북악산,111100101,분기점,분기점,,0,126.97658,37.608506
P43993,북악산,111100101,분기점,분기점,,0,126.976761,37.608311
P43994,북악산,111100101,분기점,분기점,,0,126.97778,37.601346
P43995,북악산,111100101,분기점,분기점,,0,126.978294,37.608424
P43996,북악산,111100101,시종점,시종점,,1,126.981,37.602134
P43997,북악산,111100101,분기점,분기점,,0,126.989011,37.609459
P43998,북악산,111100101,시종점,시종점,,1,126.991743,37.61129
P43999,북악산,111100101,시종점,시종점,,1,126.991804,37.611924
P45690,수락산·불암산,113500101,시종점,시종점,,1,127.092725,37.654839
P45691,수락산·불암산,113500101,시종점,시종점,,1,127.092938,37.660951
P45692,수락산·불암산,113500101,분기점,분기점,,0,127.092948,37.648064
P45693,수락산·불암산,113500101,분기점,분기점,,0,127.093196,37.66137
P45694,수락산·불암산,113500101,분기점,분기점,,0,127.09359,37.662284
P45695,수락산·불암산,113500101,분기점,분기점,,0,127.094201,37.660226
P45696,수락산·불암산,113500101,분기점,분기점,,0,127.094441,37.660755
P45697,수락산·불암산,113500101,분기점,분기점,,0,127.09447,37.660475
P45698,수락산·불암산,113500101,분기점,분기점,,0,127.094659,37.660384
P45699,수락산·불암산,113500101,분기점,분기점,,0,127.094985,37.660517
P45700,수락산·불암산,113500101,분기점,분기점,,0,127.095278,37.661124
P45701,수락산·불암산,113500101,분기점,분기점,,0,127.095592,37.660215
P45702,수락산·불암산,113500101,분기점,분기점,,0,127.095666,37.661275
P45703,수락산·불암산,113500101,분기점,분기점,,0,127.095829,37.663009
P45704,수락산·불암산,113500101,분기점,분기점,,0,127.095855,37.659477
P45705,수락산·불암산,113500101,분기점,분기점,,0,127.096067,37.648655
P45706,수락산·불암산,113500101,분기점,분기점,,0,127.096108,37.661647
P45707,수락산·불암산,113500101,분기점,분기점,,0,127.096129,37.661493
P45708,수락산·불암산,113500101,분기점,분기점,,0,127.096204,37.659824
P45709,수락산·불암산,113500101,분기점,분기점,,0,127.096378,37.663335
P45710,수락산·불암산,113500101,분기점,분기점,,0,127.096519,37.659745
P45711,수락산·불암산,113500101,분기점,분기점,,0,127.096581,37.664002
P45712,수락산·불암산,113500101,분기점,분기점,,0,127.096649,37.660231
P45713,수락산·불암산,113500101,분기점,분기점,,0,127.096698,37.66163
P45714,수락산·불암산,113500101,분기점,분기점,,0,127.096764,37.664068
P45715,수락산·불암산,113500101,분기점,분기점,,0,127.096863,37.661142
P45716,수락산·불암산,113500101,분기점,분기점,,0,127.09687,37.660774
P45717,수락산·불암산,113500101,분기점,분기점,,0,127.09701,37.661618
P45718,수락산·불암산,113500101,분기점,분기점,,0,127.097072,37.659975
P45719,수락산·불암산,113500101,분기점,분기점,,0,127.097215,37.659362
P45720,수락산·불암산,113500101,시종점,시종점,,1,127.097457,37.657303
P45721,수락산·불암산,113500101,분기점,분기점,,0,127.097718,37.659825
P45722,수락산·불암산,113500101,분기점,분기점,,0,127.097747,37.66272
P45723,수락산·불암산,113500101,분기점,분기점,,0,127.097789,37.659249
P45724,수락산·불암산,113500101,분기점,분기점,,0,127.097823,37.660291
P45725,수락산·불암산,113500101,분기점,분기점,,0,127.097849,37.660046
P45726,수락산·불암산,113500101,분기점,분기점,,0,127.097886,37.647582
P45727,수락산·불암산,113500101,분기점,분기점,,0,127.098644,37.658961
P45728,수락산·불암산,113500101,분기점,분기점,,0,127.098693,37.659059
P45729,수락산·불암산,113500101,분기점,분기점,,0,127.098731,37.661781
P45730,수락산·불암산,113500101,분기점,분기점,,0,127.098867,37.660009
P45731,수락산·불암산,113500101,분기점,분기점,,0,127.09914,37.655412
P45732,수락산·불암산,113500101,분기점,분기점,,0,127.099211,37.660837
P45733,수락산·불암산,113500101,분기점,분기점,,0,127.099316,37.660031
P45734,수락산·불암산,113500101,분기점,분기점,,0,127.099374,37.654375
P45735,수락산·불암산,113500101,분기점,분기점,,0,127.099457,37.659132
P45736,수락산·불암산,113500101,분기점,분기점,,0,127.100434,37.654799
P45737,수락산·불암산,113500101,분기점,분기점,,0,127.100514,37.65886
P45738,수락산·불암산,113500101,시종점,시종점,,1,127.10081,37.658807
P45739,수락산·불암산,113500101,분기점,분기점,,0,127.101177,37.655404
P45740,수락산·불암산,113500101,분기점,분기점,,0,127.10151,37.653037
P45741,수락산·불암산,113500101,시종점,시종점,,1,127.101536,37.649231
P45742,수락산·불암산,113500101,분기점,분기점,,0,127.10165,37.656281
P45743,수락산·불암산,113500101,분기점,분기점,,0,127.101664,37.65597
P45744,수락산·불암산,113500101,분기점,분기점,,0,127.101856,37.656287
P45745,수락산·불암산,113500101,분기점,분기점,,0,127.102228,37.65597
P45746,수락산·불암산,113500101,시종점,시종점,,1,127.102388,37.651955
P45747,수락산·불암산,113500101,분기점,분기점,,0,127.102403,37.655894
P45748,수락산·불암산,113500101,시종점,시종점,,1,127.102838,37.680806
P45749,수락산·불암산,113500101,시종점,시종점,,1,127.103054,37.644812
P45750,수락산·불암산,113500101,분기점,분기점,,0,127.103179,37.655764
P45751,수락산·불암산,113500101,분기점,분기점,,0,127.103737,37.655872
P45752,수락산·불암산,113500101,분기점,분기점,,0,127.104206,37.677897
P45753,수락산·불암산,113500101,분기점,분기점,,0,127.104809,37.652706
P45754,수락산·불암산,113500101,분기점,분기점,,0,127.104951,37.652807
P45755,수락산·불암산,113500101,분기점,분기점,,0,127.105032,37.653148
P45756,수락산·불암산,113500101,분기점,분기점,,0,127.106093,37.653096
P45757,수락산·불암산,113500101,분기점,분기점,,0,127.106842,37.649775
P45758,수락산·불암산,113500101,분기점,분기점,,0,127.109126,37.646421
P45759,수락산·불암산,113500101,시종점,시종점,,1,127.109688,37.67794
P45760,수락산·불암산,113500101,시종점,시종점,,1,127.110875,37.645545
P45761,수락산·불암산,113500101,불암사,기타,,0,127.099427,37.658837
P45762,수락산·불암산,113500101,벤치,벤치,"부도,바위",0,127.099489,37.659133
P45763,수락산·불암산,113500101,벤치,벤치,돌탑,0,127.09901,37.659223
P45764,수락산·불암산,113500101,이정표,이정표,,0,127.097494,37.659263
P45765,수락산·불암산,113500101,기타,기타,,0,127.096758,37.659693
P45766,수락산·불암산,113500101,119표지,기타,,0,127.096924,37.660465
P45767,수락산·불암산,113500101,석천암,기타,,0,127.096255,37.661793
P45768,수락산·불암산,113500101,화장실,화장실,,0,127.096429,37.661821
P45769,수락산·불암산,113500101,이정표,이정표,옥천암,0,127.096091,37.661605
P45770,수락산·불암산,113500101,돌탑,기타,,0,127.097218,37.662265
P45771,수락산·불암산,113500101,안내판,안내판또는지도,호랑이3굴,0,127.097081,37.662625
P45772,수락산·불암산,113500101,119표지,기타,,0,127.096669,37.663747
P45773,수락산·불암산,113500101,조망점,조망점,,0,127.096209,37.66295
P45774,수락산·불암산,113500101,위험지역,위험지역,암벽,0,127.09538,37.663189
P45775,수락산·불암산,113500101,로프,기타,,0,127.095152,37.663713
P45776,수락산·불암산,113500101,로프,기타,,0,127.094739,37.664076
P45777,수락산·불암산,113500101,이정표,이정표,산불난지역,0,127.094218,37.666419
P45778,수락산·불암산,113500101,기타,기타,이정표필요,0,127.096755,37.669757
P45779,수락산·불암산,113500101,조망점,조망점,,0,127.097891,37.66955
P45780,수락산·불암산,113500101,철탑,기타,,0,127.102034,37.674922
P45781,수락산·불암산,113500101,철탑,기타,,0,127.103883,37.677164
P45782,수락산·불암산,113500101,철탑,기타,,0,127.105334,37.678754
P45783,수락산·불암산,113500101,부대,기타,부대울타리,0,127.10432,37.680207
P45784,수락산·불암산,113500101,"화장실,주차장",화장실,,0,127.10087,37.658817
P45785,수락산·불암산,113500101,"조망점,로프",조망점,,0,127.094889,37.663324
P45786,수락산·불암산,113500101,"이정표,벤치",이정표,다람쥐광장,0,127.094558,37.664524
P45787,수락산·불암산,113500101,기타,기타,,0,127.084719,37.666318
P45788,수락산·불암산,113500101,이정표,이정표,,0,127.092019,37.656101
P45789,수락산·불암산,113500101,천보사,기타,,0,127.087902,37.666285
P45790,수락산·불암산,113500101,학도암,기타,,0,127.090002,37.651901
P45791,수락산·불암산,113500101,"정자,벤치",정자,,0,127.084135,37.661502
P45792,수락산·불암산,113500101,이정표,이정표,,0,127.084452,37.661352
P45793,수락산·불암산,113500101,정암사,기타,,0,127.086135,37.661468
P45794,수락산·불암산,113500101,폭포약수,기타,,0,127.088935,37.665585
P45795,수락산·불암산,113500101,"이정표,정자",이정표,,0,127.086685,37.661468
P45796,수락산·불암산,113500101,"운동기구,화장",시설물(운동기구 등),,0,127.089419,37.662035
P45797,수락산·불암산,113500101,기타,기타,,0,127.089769,37.661801
P45798,수락산·불암산,113500101,깔딱고개,기타,,0,127.092785,37.661285
P45799,수락산·불암산,113500101,안내판,안내판또는지도,,0,127.085485,37.628168
P45800,수락산·불암산,113500101,안내판,안내판또는지도,,0,127.089302,37.665235
P45801,수락산·불암산,113500101,안내판,안내판또는지도,,0,127.086435,37.628068
P45802,수락산·불암산,113500101,불암약수,기타,,0,127.084719,37.666502
P45803,수락산·불암산,113500101,가로등,가로등,11~13 걸쳐 가로등,0,127.084319,37.666435
P45804,수락산·불암산,113500101,안내판,안내판또는지도,,0,127.086435,37.666452
P45805,수락산·불암산,113500101,기타,기타,,0,127.094519,37.666835
P45806,수락산·불암산,113500101,이정표,이정표,,0,127.088719,37.666068
P45807,수락산·불암산,113500101,화장실,화장실,,0,127.090269,37.664935
P45808,수락산·불암산,113500101,휀스,기타,,0,127.090135,37.665068
P45809,수락산·불암산,113500101,안내판,안내판또는지도,,0,127.090119,37.663485
P45810,수락산·불암산,113500101,다람쥐공원,기타,,0,127.094552,37.664501
P45811,수락산·불암산,113500101,석장봉,기타,,0,127.094535,37.664651
P45812,수락산·불암산,113500101,기타,기타,,0,127.094319,37.665501
P45813,수락산·불암산,113500101,안내판,안내판또는지도,,0,127.089151,37.633801
P45814,수락산·불암산,113500101,"안내판,이정표",안내판또는지도,,0,127.090218,37.635235
P45815,수락산·불암산,113500101,기타,기타,,0,127.090168,37.636368
P45816,수락산·불암산,113500101,출발지점,기타,,0,127.083685,37.661585
P45817,수락산·불암산,113500101,기타,기타,,0,127.091518,37.641935
P45818,수락산·불암산,113500101,봉화대헬기장,헬기장,,0,127.091685,37.657585
P45819,수락산·불암산,113500101,시종점,시종점,,1,127.083019,37.661685
P45820,수락산·불암산,113500101,시종점,시종점,,1,127.08363,37.644218
P45821,수락산·불암산,113500101,시종점,시종점,,1,127.083902,37.666485
P45822,수락산·불암산,113500101,시종점,시종점,,1,127.085085,37.628001
P45823,수락산·불암산,113500101,안내판,안내판또는지도,,0,127.092002,37.642235
P45824,수락산·불암산,113500101,시종점,시종점,,1,127.092369,37.677602
P45825,수락산·불암산,113500101,이정표,이정표,,0,127.092664,37.650452
P45826,수락산·불암산,113500101,분기점,분기점,,0,127.092664,37.649015
P45827,수락산·불암산,113500101,분기점,분기점,,0,127.093036,37.661106
P45828,수락산·불암산,113500101,분기점,분기점,,0,127.094059,37.662548
P45829,수락산·불암산,113500101,분기점,분기점,,0,127.094722,37.663065
P45830,수락산·불암산,113500101,정상,정상,태극기,0,127.095301,37.663701
P45831,수락산·불암산,113500101,분기점,분기점,이정표필요,0,127.095409,37.669289
P45832,수락산·불암산,113500101,안내판,안내판또는지도,호랑이2굴,0,127.096947,37.661937
P45833,수락산·불암산,113500101,바위,기타,능선부,0,127.097329,37.663326
P45834,수락산·불암산,113500101,조망점,조망점,,0,127.097812,37.662324
P45835,수락산·불암산,113500101,분기점,분기점,일주문,0,127.101232,37.658485
P45836,수락산·불암산,113500101,시종점,시종점,덕송리,1,127.106248,37.681602
P45837,수락산·불암산,113500101,분기점,분기점,,0,127.107509,37.648364
P45838,수락산·불암산,113500101,시종점,시종점,,1,127.084652,37.649097
P45839,수락산·불암산,113500101,분기점,분기점,,0,127.096707,37.659843
P45840,수락산·불암산,113500101,분기점,분기점,,0,127.098781,37.659265
P45841,수락산·불암산,113500101,분기점,분기점,,0,127.096715,37.661889
P54297,수락산·불암산,113500201,시종점,시종점,,1,127.053388,37.722029
P54298,수락산·불암산,113500201,분기점,분기점,,0,127.05472,37.711436
P54299,수락산·불암산,113500201,시종점,시종점,,1,127.054757,37.699932
P54300,수락산·불암산,113500201,시종점,시종점,,1,127.055126,37.726599
P54301,수락산·불암산,113500201,시종점,시종점,,1,127.055535,37.694431
P54302,수락산·불암산,113500201,분기점,분기점,,0,127.055571,37.715232
P54303,수락산·불암산,113500201,시종점,시종점,,1,127.056156,37.705692
P54304,수락산·불암산,113500201,시종점,시종점,,1,127.056528,37.722515
P54305,수락산·불암산,113500201,분기점,분기점,,0,127.056867,37.695068
P54306,수락산·불암산,113500201,분기점,분기점,,0,127.057168,37.694613
P54307,수락산·불암산,113500201,분기점,분기점,,0,127.057192,37.71929
P54308,수락산·불암산,113500201,분기점,분기점,,0,127.057268,37.69532
P54309,수락산·불암산,113500201,분기점,분기점,,0,127.057363,37.718552
P54310,수락산·불암산,113500201,분기점,분기점,,0,127.057561,37.718349
P54311,수락산·불암산,113500201,시종점,시종점,,1,127.057604,37.70596
P54312,수락산·불암산,113500201,분기점,분기점,,0,127.05775,37.717279
P54313,수락산·불암산,113500201,분기점,분기점,,0,127.057933,37.695672
P54314,수락산·불암산,113500201,분기점,분기점,,0,127.057956,37.696126
P54315,수락산·불암산,113500201,분기점,분기점,,0,127.057975,37.693909
P54316,수락산·불암산,113500201,분기점,분기점,,0,127.058294,37.696067
P54317,수락산·불암산,113500201,시종점,시종점,,1,127.058421,37.710183
P54318,수락산·불암산,113500201,분기점,분기점,,0,127.058701,37.715776
P54319,수락산·불암산,113500201,분기점,분기점,,0,127.058918,37.712317
P54320,수락산·불암산,113500201,시종점,시종점,,1,127.060185,37.720632
P54321,수락산·불암산,113500201,분기점,분기점,,0,127.0603,37.706311
P54322,수락산·불암산,113500201,분기점,분기점,,0,127.060643,37.715042
P54323,수락산·불암산,113500201,시종점,시종점,,1,127.06066,37.720287
P54324,수락산·불암산,113500201,시종점,시종점,,1,127.060985,37.716371
P54325,수락산·불암산,113500201,분기점,분기점,,0,127.062077,37.720362
P54326,수락산·불암산,113500201,분기점,분기점,,0,127.062602,37.704143
P54327,수락산·불암산,113500201,분기점,분기점,,0,127.062624,37.695093
P54328,수락산·불암산,113500201,분기점,분기점,,0,127.063439,37.705993
P54329,수락산·불암산,113500201,시종점,시종점,,1,127.065422,37.725239
P54330,수락산·불암산,113500201,분기점,분기점,,0,127.066312,37.703688
P54331,수락산·불암산,113500201,분기점,분기점,,0,127.067459,37.722039
P54332,수락산·불암산,113500201,분기점,분기점,,0,127.068976,37.694023
P54333,수락산·불암산,113500201,분기점,분기점,,0,127.071678,37.701249
P54334,수락산·불암산,113500201,분기점,분기점,,0,127.075767,37.690337
P54335,수락산·불암산,113500201,분기점,분기점,,0,127.076595,37.71335
P54336,수락산·불암산,113500201,분기점,분기점,,0,127.076793,37.715427
P54337,수락산·불암산,113500201,분기점,분기점,,0,127.07789,37.712304
P54338,수락산·불암산,113500201,분기점,분기점,,0,127.07801,37.712309
P54339,수락산·불암산,113500201,분기점,분기점,,0,127.079289,37.706775
P54340,수락산·불암산,113500201,분기점,분기점,,0,127.079552,37.711221
P54341,수락산·불암산,113500201,분기점,분기점,,0,127.080731,37.705997
P54342,수락산·불암산,113500201,분기점,분기점,,0,127.080851,37.705771
P54343,수락산·불암산,113500201,분기점,분기점,,0,127.081912,37.700878
P54344,수락산·불암산,113500201,분기점,분기점,,0,127.082188,37.704786
P54345,수락산·불암산,113500201,분기점,분기점,,0,127.082472,37.703476
P54346,수락산·불암산,113500201,시종점,분기점,,1,127.083038,37.702047
P54347,수락산·불암산,113500201,시종점,시종점,,1,127.083119,37.694952
P54348,수락산·불암산,113500201,시종점,시종점,,1,127.083435,37.723422
P54349,수락산·불암산,113500201,시종점,시종점,,1,127.084224,37.69836
P54350,수락산·불암산,113500201,시종점,시종점,,1,127.084704,37.697194
P54351,수락산·불암산,113500201,분기점,분기점,,0,127.084853,37.702499
P54352,수락산·불암산,113500201,분기점,분기점,,0,127.084965,37.692649
P54353,수락산·불암산,113500201,분기점,분기점,,0,127.085224,37.69214
P54354,수락산·불암산,113500201,분기점,분기점,,0,127.085344,37.72058
P54355,수락산·불암산,113500201,분기점,분기점,,0,127.08623,37.691344
P54356,수락산·불암산,113500201,분기점,분기점,,0,127.086676,37.691167
P54357,수락산·불암산,113500201,시종점,시종점,,1,127.086817,37.687882
P54358,수락산·불암산,113500201,분기점,분기점,,0,127.086929,37.689477
P54359,수락산·불암산,113500201,분기점,분기점,,0,127.087392,37.688687
P54360,수락산·불암산,113500201,분기점,분기점,,0,127.08769,37.690219
P54361,수락산·불암산,113500201,분기점,분기점,,0,127.088,37.690499
P54362,수락산·불암산,113500201,분기점,분기점,,0,127.089416,37.700618
P54363,수락산·불암산,113500201,분기점,분기점,,0,127.089462,37.700554
P54364,수락산·불암산,113500201,분기점,분기점,,0,127.09107,37.698448
P54365,수락산·불암산,113500201,분기점,분기점,,0,127.091072,37.702365
P54366,수락산·불암산,113500201,분기점,분기점,,0,127.091167,37.698364
P54367,수락산·불암산,113500201,분기점,분기점,,0,127.091315,37.70095
P54368,수락산·불암산,113500201,분기점,분기점,,0,127.093327,37.712403
P54369,수락산·불암산,113500201,분기점,분기점,,0,127.093364,37.690021
P54370,수락산·불암산,113500201,분기점,분기점,,0,127.094105,37.69523
P54371,수락산·불암산,113500201,분기점,분기점,,0,127.094467,37.688812
P54372,수락산·불암산,113500201,분기점,분기점,,0,127.095184,37.68757
P54373,수락산·불암산,113500201,분기점,분기점,,0,127.095183,37.687026
P54374,수락산·불암산,113500201,분기점,분기점,,0,127.095286,37.687332
P54375,수락산·불암산,113500201,분기점,분기점,,0,127.095497,37.692068
P54376,수락산·불암산,113500201,분기점,분기점,,0,127.095518,37.687243
P54377,수락산·불암산,113500201,분기점,분기점,,0,127.09554,37.688801
P54378,수락산·불암산,113500201,분기점,분기점,,0,127.095605,37.686578
P54379,수락산·불암산,113500201,분기점,분기점,,0,127.092511,37.690695
P54380,수락산·불암산,113500201,분기점,분기점,,0,127.095779,37.688572
P54381,수락산·불암산,113500201,분기점,분기점,,0,127.095978,37.68753
P54382,수락산·불암산,113500201,분기점,분기점,,0,127.097594,37.684431
P54383,수락산·불암산,113500201,분기점,분기점,,0,127.098065,37.684062
P54384,수락산·불암산,113500201,분기점,분기점,,0,127.098449,37.688503
P54385,수락산·불암산,113500201,분기점,분기점,,0,127.100248,37.700626
P54386,수락산·불암산,113500201,분기점,분기점,,0,127.101186,37.689708
P54387,수락산·불암산,113500201,분기점,분기점,,0,127.101385,37.681672
P54388,수락산·불암산,113500201,시종점,시종점,,1,127.106081,37.693933
P54389,수락산·불암산,113500201,삼각점,기타,,0,127.091641,37.689818
P54390,수락산·불암산,113500201,목계단,기타,,0,127.08177,37.698866
P54391,수락산·불암산,113500201,수락유원지입구,기타,,0,127.105668,37.703396
P54392,수락산·불암산,113500201,화장실,화장실,,0,127.102036,37.701208
P54393,수락산·불암산,113500201,벤치,벤치,도로변벤치10개,0,127.101608,37.701148
P54394,수락산·불암산,113500201,목계단,기타,,0,127.10102,37.700346
P54395,수락산·불암산,113500201,목계단,기타,,0,127.099941,37.698546
P54396,수락산·불암산,113500201,철탑,기타,,0,127.099455,37.697813
P54397,수락산·불암산,113500201,조망점,조망점,,0,127.095579,37.696072
P54398,수락산·불암산,113500201,벤치,벤치,,0,127.092621,37.694636
P54399,수락산·불암산,113500201,로프,기타,15m,0,127.087451,37.693503
P54400,수락산·불암산,113500201,벤치,벤치,원통벤치5개,0,127.085308,37.693849
P54401,수락산·불암산,113500201,와이어시작,기타,,0,127.083016,37.694989
P54402,수락산·불암산,113500201,와이어끝,기타,,0,127.082712,37.6951
P54403,수락산·불암산,113500201,조망점,조망점,철모바위,0,127.08122,37.697531
P54404,수락산·불암산,113500201,헬기장1,헬기장,,0,127.082249,37.697756
P54405,수락산·불암산,113500201,이정표,이정표,,0,127.081344,37.698724
P54406,수락산·불암산,113500201,로프시작,기타,,0,127.08129,37.699352
P54407,수락산·불암산,113500201,로프끝,기타,,0,127.081087,37.6998
P54408,수락산·불암산,113500201,흥국사,기타,,0,127.098503,37.684482
P54409,수락산·불암산,113500201,철탑,기타,,0,127.093098,37.689833
P54410,수락산·불암산,113500201,기차바위,기타,기차홈통바위,0,127.083037,37.702068
P54411,수락산·불암산,113500201,조망점,조망점,,0,127.092402,37.689807
P54412,수락산·불암산,113500201,헬기장,헬기장,,0,127.083389,37.701695
P54413,수락산·불암산,113500201,조망점,조망점,,0,127.086989,37.690354
P54414,수락산·불암산,113500201,로프,기타,로프15m,0,127.090651,37.702566
P54415,수락산·불암산,113500201,로프,기타,로프5m,0,127.085713,37.690825
P54416,수락산·불암산,113500201,로프,기타,"암반,암석지대(바위)",0,127.091994,37.702849
P54417,수락산·불암산,113500201,도솔봉2,기타,,0,127.084775,37.690637
P54418,수락산·불암산,113500201,로프시작,기타,,0,127.092145,37.702895
P54419,수락산·불암산,113500201,도솔봉1,기타,,0,127.085122,37.690876
P54420,수락산·불암산,113500201,로프끝,기타,,0,127.092252,37.702938
P54421,수락산·불암산,113500201,로프,기타,로프15m,0,127.094123,37.703712
P54422,수락산·불암산,113500201,전경,기타,,0,127.100675,37.692889
P54423,수락산·불암산,113500201,묘,기타,,0,127.102382,37.694892
P54424,수락산·불암산,113500201,철탑,기타,,0,127.095222,37.703866
P54425,수락산·불암산,113500201,십자교차로,기타,사기막고개,0,127.101209,37.704942
P54426,수락산·불암산,113500201,숫돌고개,기타,,0,127.10831,37.708106
P54427,수락산·불암산,113500201,화장실,화장실,,0,127.100001,37.700807
P54428,수락산·불암산,113500201,화장실,화장실,,0,127.097915,37.699932
P54429,수락산·불암산,113500201,구매표소,기타,,0,127.095849,37.699365
P54430,수락산·불암산,113500201,이정표,이정표,,0,127.094855,37.698817
P54431,수락산·불암산,113500201,119표지,기타,,0,127.093585,37.698389
P54432,수락산·불암산,113500201,운동기구,시설물(운동기구 등),,0,127.092836,37.69804
P54433,수락산·불암산,113500201,안내도,안내판또는지도,,0,127.092614,37.698005
P54434,수락산·불암산,113500201,돌계단,기타,,0,127.092071,37.69809
P54435,수락산·불암산,113500201,벤치,벤치,,0,127.091679,37.698174
P54436,수락산·불암산,113500201,난간시작,기타,,0,127.091615,37.698203
P54437,수락산·불암산,113500201,벤치,벤치,,0,127.091063,37.698433
P54438,수락산·불암산,113500201,난간끝,기타,,0,127.090921,37.698705
P54439,수락산·불암산,113500201,119표지,기타,,0,127.09058,37.699216
P54440,수락산·불암산,113500201,난간,기타,,0,127.090149,37.699863
P54441,수락산·불암산,113500201,돌계단시작,기타,,0,127.089592,37.700381
P54442,수락산·불암산,113500201,119표지,기타,,0,127.089384,37.700661
P54443,수락산·불암산,113500201,돌계단끝,기타,,0,127.088515,37.700837
P54444,수락산·불암산,113500201,이정표,이정표,,0,127.088369,37.700761
P54445,수락산·불암산,113500201,내원암,기타,,0,127.087565,37.700468
P54446,수락산·불암산,113500201,로프,기타,,0,127.08706,37.700271
P54447,수락산·불암산,113500201,"벤치,119",벤치,,0,127.086229,37.700196
P54448,수락산·불암산,113500201,난간,기타,,0,127.08486,37.70005
P54449,수락산·불암산,113500201,기타,기타,,0,127.08468,37.70008
P54450,수락산·불암산,113500201,청수옻닭,기타,,0,127.108171,37.706097
P54451,수락산·불암산,113500201,노원구갯골시점,기타,,0,127.058721,37.682957
P54452,수락산·불암산,113500201,이정표,이정표,,0,127.084664,37.693887
P54453,수락산·불암산,113500201,이정표,이정표,,0,127.084664,37.693887
P54454,수락산·불암산,113500201,로프,기타,로프50m,0,127.081455,37.699053
P54455,수락산·불암산,113500201,이정표,이정표,,0,127.089602,37.680902
P54456,수락산·불암산,113500201,기타,기타,,0,127.057569,37.684285
P54457,수락산·불암산,113500201,도안사,기타,,0,127.085636,37.683468
P54458,수락산·불암산,113500201,벤치,벤치,,0,127.077452,37.684052
P54459,수락산·불암산,113500201,화장실,화장실,,0,127.066086,37.684635
P54460,수락산·불암산,113500201,화장실,화장실,,0,127.063752,37.683369
P54461,수락산·불암산,113500201,하강바위,기타,,0,127.083503,37.694585
P54462,수락산·불암산,113500201,수락정,기타,,0,127.089602,37.679585
P54463,수락산·불암산,113500201,조망점,조망점,,0,127.084252,37.686018
P54464,수락산·불암산,113500201,조망점,조망점,,0,127.081686,37.685618
P54465,수락산·불암산,113500201,독수리바위,기타,,0,127.079503,37.697018
P54466,수락산·불암산,113500201,학림사,기타,,0,127.078002,37.681618
P54467,수락산·불암산,113500201,깔딱고개,기타,,0,127.072869,37.694419
P54468,수락산·불암산,113500201,약수터,음수대,,0,127.068769,37.668768
P54469,수락산·불암산,113500201,약수터/운동기구,음수대,,0,127.067452,37.672202
P54470,수락산·불암산,113500201,기타,기타,,0,127.068402,37.674118
P54471,수락산·불암산,113500201,조망점,조망점,,0,127.071402,37.675002
P54472,수락산·불암산,113500201,기타,기타,,0,127.085052,37.682818
P54473,수락산·불암산,113500201,조망점,조망점,,0,127.085719,37.682935
P54474,수락산·불암산,113500201,기타,기타,,0,127.073636,37.677902
P54475,수락산·불암산,113500201,염불사,기타,,0,127.071486,37.685668
P54476,수락산·불암산,113500201,조망점,조망점,,0,127.073352,37.684985
P54477,수락산·불암산,113500201,화장실,화장실,,0,127.068052,37.685419
P54478,수락산·불암산,113500201,이정표,이정표,,0,127.075336,37.681718
P54479,수락산·불암산,113500201,석가사,기타,,0,127.082302,37.676435
P54480,수락산·불암산,113500201,석천공원,기타,,0,127.082236,37.677318
P54481,수락산·불암산,113500201,조망점,조망점,,0,127.081986,37.696902
P54482,수락산·불암산,113500201,이정표,이정표,,0,127.075669,37.683518
P54483,수락산·불암산,113500201,이정표,이정표,,0,127.075986,37.684752
P54484,수락산·불암산,113500201,치마바위/조망점,조망점,,0,127.077586,37.686418
P54485,수락산·불암산,113500201,이정표,이정표,,0,127.077019,37.684252
P54486,수락산·불암산,113500201,출발지점,기타,,0,127.084802,37.689218
P54487,수락산·불암산,113500201,기타,기타,,0,127.059569,37.682302
P54488,수락산·불암산,113500201,조망점,조망점,,0,127.084419,37.685552
P54489,수락산·불암산,113500201,안내판,안내판또는지도,군사경계,0,127.095702,37.684602
P54490,수락산·불암산,113500201,조망점,조망점,,0,127.095719,37.688352
P54491,수락산·불암산,113500201,송암사,기타,,0,127.088986,37.681985
P54492,수락산·불암산,113500201,조망점,조망점,,0,127.092569,37.689802
P54493,수락산·불암산,113500201,기타,기타,,0,127.087403,37.690402
P54494,수락산·불암산,113500201,치마바위옆,기타,,0,127.084903,37.691968
P54495,수락산·불암산,113500201,기타,기타,,0,127.084519,37.693552
P54496,수락산·불암산,113500201,조망점,조망점,,0,127.084269,37.694518
P54497,수락산·불암산,113500201,안내판/벤치,안내판또는지도,,0,127.062852,37.675402
P54498,수락산·불암산,113500201,정자/벤치,정자,,0,127.063102,37.675469
P54499,수락산·불암산,113500201,노원골약수,기타,,0,127.064819,37.677252
P54500,수락산·불암산,113500201,벤치/이정표,벤치,,0,127.066002,37.677369
P54501,수락산·불암산,113500201,이정표,이정표,,0,127.067185,37.676835
P54502,수락산·불암산,113500201,목계단(시작),기타,,0,127.067269,37.676585
P54503,수락산·불암산,113500201,기타,기타,,0,127.067769,37.674685
P54504,수락산·불암산,113500201,기타,기타,,0,127.067819,37.674352
P54505,수락산·불암산,113500201,조망점,조망점,,0,127.070119,37.674235
P54506,수락산·불암산,113500201,목계단(끝),기타,,0,127.070852,37.674502
P54507,수락산·불암산,113500201,이정표,이정표,,0,127.071085,37.674518
P54508,수락산·불암산,113500201,기타,기타,,0,127.084253,37.693952
P54509,수락산·불암산,113500201,이정표,이정표,,0,127.072185,37.675685
P54510,수락산·불암산,113500201,대형화장실,화장실,,0,127.064969,37.683769
P54511,수락산·불암산,113500201,영원암,기타,,0,127.074302,37.685968
P54512,수락산·불암산,113500201,구암약수,기타,,0,127.074052,37.685185
P54513,수락산·불암산,113500201,벤치,벤치,,0,127.067269,37.685019
P54514,수락산·불암산,113500201,이정표,이정표,,0,127.073852,37.683852
P54515,수락산·불암산,113500201,기타,기타,,0,127.075719,37.684952
P54516,수락산·불암산,113500201,기타,기타,,0,127.081369,37.675585
P54517,수락산·불암산,113500201,조망점,조망점,,0,127.070586,37.690485
P54518,수락산·불암산,113500201,기타,기타,,0,127.087836,37.683068
P54519,수락산·불암산,113500201,기타,기타,,0,127.084153,37.694185
P54520,수락산·불암산,113500201,기타,기타,,0,127.084386,37.693885
P54521,수락산·불암산,113500201,기타,기타,,0,127.073636,37.683618
P54522,수락산·불암산,113500201,새광장,기타,,0,127.076269,37.690652
P54523,수락산·불암산,113500201,이정표,이정표,,0,127.062769,37.679535
P54524,수락산·불암산,113500201,벤치,벤치,,0,127.063035,37.679802
P54525,수락산·불암산,113500201,이정표,이정표,,0,127.063719,37.679752
P54526,수락산·불암산,113500201,이정표,이정표,,0,127.068669,37.681252
P54527,수락산·불암산,113500201,기타,기타,,0,127.10361,37.696818
P54528,수락산·불암산,113500201,기타,기타,,0,127.102334,37.697216
P54529,수락산·불암산,113500201,기타,기타,,0,127.100235,37.697499
P54530,수락산·불암산,113500201,기타,기타,,0,127.107613,37.705852
P54531,수락산·불암산,113500201,기타,기타,,0,127.105358,37.707177
P54532,수락산·불암산,113500201,기타,기타,,0,127.104116,37.707369
P54533,수락산·불암산,113500201,기타,기타,,0,127.101296,37.704995
P54534,수락산·불암산,113500201,기타,기타,,0,127.099728,37.70463
P54535,수락산·불암산,113500201,기타,기타,,0,127.096326,37.702405
P54536,수락산·불암산,113500201,기타,기타,,0,127.096312,37.702414
P54537,수락산·불암산,113500201,기타,기타,,0,127.100814,37.704716
P54538,수락산·불암산,113500201,기타,기타,,0,127.102424,37.702188
P54539,수락산·불암산,113500201,주차장,주차장,50여대주차,0,127.106473,37.705273
P54540,수락산·불암산,113500201,안내도,안내판또는지도,,0,127.107688,37.705925
P54541,수락산·불암산,113500201,입구,기타,,0,127.10561,37.703295
P54542,수락산·불암산,113500201,주차장,주차장,20여대주차,0,127.101445,37.70101
P54543,수락산·불암산,113500201,경고판,기타,,0,127.100463,37.700592
P54544,수락산·불암산,113500201,"매표소,화장실,벤치",기타,,0,127.095716,37.699304
P54545,수락산·불암산,113500201,벤치,벤치,벤치14개,0,127.095414,37.699246
P54546,수락산·불암산,113500201,이정표,이정표,벤치4개,0,127.094678,37.698671
P54547,수락산·불암산,113500201,119표지,기타,,0,127.093579,37.698357
P54548,수락산·불암산,113500201,운동기구,시설물(운동기구 등),"장승,스피커",0,127.09301,37.698252
P54549,수락산·불암산,113500201,안내도,안내판또는지도,경고판,0,127.092586,37.698063
P54550,수락산·불암산,113500201,벤치,벤치,벤치2개,0,127.091783,37.69813
P54551,수락산·불암산,113500201,가이드바,기타,가이드바시작,0,127.091608,37.698146
P54552,수락산·불암산,113500201,벤치,벤치,"벤치2개,은류폭포",0,127.091202,37.698332
P54553,수락산·불암산,113500201,119표지,기타,가이드바,0,127.090895,37.698698
P54554,수락산·불암산,113500201,위험표지,위험지역,소방서 설치,0,127.090574,37.699156
P54555,수락산·불암산,113500201,가이드바,기타,가이드바시작,0,127.090456,37.699607
P54556,수락산·불암산,113500201,가이드바,기타,가이드바끝,0,127.090066,37.699958
P54557,수락산·불암산,113500201,119표지,기타,,0,127.089214,37.700664
P54558,수락산·불암산,113500201,이정표,이정표,나무다리,0,127.08841,37.700731
P54559,수락산·불암산,113500201,내원암,기타,,0,127.087704,37.70047
P54560,수락산·불암산,113500201,산신각,기타,,0,127.086957,37.700081
P54561,수락산·불암산,113500201,로프,기타,시작,0,127.086854,37.70028
P54562,수락산·불암산,113500201,로프,기타,끝,0,127.086576,37.700308
P54563,수락산·불암산,113500201,벤치,벤치,"긴의자3,통의자8",0,127.086299,37.700155
P54564,수락산·불암산,113500201,가이드바,기타,시작,0,127.086088,37.700002
P54565,수락산·불암산,113500201,가이드바,기타,끝,0,127.085579,37.699902
P54566,수락산·불암산,113500201,가이드바,기타,시작,0,127.085385,37.700259
P54567,수락산·불암산,113500201,가이드바,기타,끝,0,127.085063,37.700164
P54568,수락산·불암산,113500201,벤치,벤치,"긴의자1,통의자5",0,127.084835,37.700008
P54569,수락산·불암산,113500201,로프,기타,,0,127.083341,37.699851
P54570,수락산·불암산,113500201,수락산장,기타,"약수터,안내도",0,127.082562,37.69992
P54571,수락산·불암산,113500201,화장실,화장실,,0,127.082647,37.700216
P54572,수락산·불암산,113500201,로프,기타,로프시작,0,127.082537,37.700264
P54573,수락산·불암산,113500201,로프,기타,로프끝,0,127.082419,37.700458
P54574,수락산·불암산,113500201,119표지,기타,,0,127.082452,37.700839
P54575,수락산·불암산,113500201,로프,기타,로프시작,0,127.082409,37.700957
P54576,수락산·불암산,113500201,"이정표,로프끝",이정표,"로프끝,119표지",0,127.082057,37.701096
P54577,수락산·불암산,113500201,조망점,조망점,,0,127.081429,37.700409
P54578,수락산·불암산,113500201,로프,기타,로프시작,0,127.081138,37.699805
P54579,수락산·불암산,113500201,계단끝,기타,,0,127.081422,37.698955
P54580,수락산·불암산,113500201,이정표,이정표,,0,127.081398,37.698778
P54581,수락산·불암산,113500201,위험표지,위험지역,소방서설치,0,127.081562,37.698791
P54582,수락산·불암산,113500201,나무계단,기타,,0,127.081753,37.698746
P54583,수락산·불암산,113500201,헬기장,헬기장,,0,127.082073,37.697782
P54584,수락산·불암산,113500201,로프,기타,로프시작,0,127.081824,37.69641
P54585,수락산·불암산,113500201,코끼리바위,기타,"로프끝,119표지",0,127.082341,37.696217
P54586,수락산·불암산,113500201,로프,기타,로프시작,0,127.082667,37.695098
P54587,수락산·불암산,113500201,로프,기타,로프끝,0,127.083177,37.694948
P54588,수락산·불암산,113500201,로프,기타,로프시작,0,127.084033,37.694834
P54589,수락산·불암산,113500201,조망점,조망점,로프끝,0,127.084135,37.694716
P54590,수락산·불암산,113500201,로프,기타,로프시작,0,127.084158,37.694487
P54591,수락산·불암산,113500201,로프,기타,로프끝,0,127.084193,37.694375
P54592,수락산·불암산,113500201,이정표,이정표,"청학,상계,정상",0,127.084681,37.693879
P54593,수락산·불암산,113500201,벤치,벤치,통의자5개,0,127.085238,37.693857
P54594,수락산·불암산,113500201,로프,기타,로프시작,0,127.08584,37.693368
P54595,수락산·불암산,113500201,로프,기타,로프끝,0,127.085909,37.693214
P54596,수락산·불암산,113500201,계단,기타,바위깍은계단,0,127.087327,37.693408
P54597,수락산·불암산,113500201,조망점,조망점,,0,127.091692,37.6942
P54598,수락산·불암산,113500201,"조망점,의자",조망점,"긴의자2,통의자6",0,127.092469,37.694579
P54599,수락산·불암산,113500201,"조망점,암반",조망점,암반,0,127.095089,37.695607
P54600,수락산·불암산,113500201,시종점,시종점,,1,127.05553,37.678668
P54601,수락산·불암산,113500201,시종점,시종점,,1,127.056069,37.684335
P54602,수락산·불암산,113500201,시종점,시종점,,1,127.058519,37.682952
P54603,수락산·불암산,113500201,시종점,시종점,,1,127.061747,37.674351
P54604,수락산·불암산,113500201,이정표,이정표,,0,127.067769,37.674202
P54605,수락산·불암산,113500201,시종점,시종점,,1,127.069484,37.667823
P54606,수락산·불암산,113500201,이정표,이정표,,0,127.069702,37.686335
P54607,수락산·불암산,113500201,조망점,조망점,,0,127.072284,37.69414
P54608,수락산·불암산,113500201,이정표,이정표,,0,127.075802,37.685118
P54609,수락산·불암산,113500201,이정표,이정표,,0,127.075855,37.68527
P54610,수락산·불암산,113500201,영원암,기타,,0,127.078052,37.686885
P54611,수락산·불암산,113500201,분기점,분기점,,0,127.078369,37.686552
P54612,수락산·불암산,113500201,철모바위,기타,,0,127.081319,37.697468
P54613,수락산·불암산,113500201,이정표,이정표,,0,127.081353,37.698268
P54614,수락산·불암산,113500201,수락산정상,정상,,0,127.081386,37.699252
P54615,수락산·불암산,113500201,이정표,이정표,,0,127.081386,37.698502
P54616,수락산·불암산,113500201,시종점,시종점,,1,127.081519,37.672917
P54617,수락산·불암산,113500201,분기점,분기점,,0,127.081617,37.697786
P54618,수락산·불암산,113500201,이정표,이정표,,0,127.082007,37.701015
P54619,수락산·불암산,113500201,분기점,분기점,,0,127.082601,37.699964
P54620,수락산·불암산,113500201,시종점,시종점,,1,127.083708,37.673154
P54621,수락산·불암산,113500201,"치마바위정상,조망점",정상,치마바위정상,0,127.083836,37.694668
P54622,수락산·불암산,113500201,조망점,조망점,치마바위,0,127.084403,37.694002
P54623,수락산·불암산,113500201,이정표,이정표,,0,127.084603,37.692502
P54624,수락산·불암산,113500201,이정표,이정표,,0,127.084836,37.692118
P54625,수락산·불암산,113500201,분기점,분기점,,0,127.085153,37.691418
P54626,수락산·불암산,113500201,로프,기타,30m,0,127.085585,37.693025
P54627,수락산·불암산,113500201,로프,기타,30m,0,127.085982,37.693209
P54628,수락산·불암산,113500201,시종점,시종점,,1,127.086565,37.67558
P54629,수락산·불암산,113500201,분기점,분기점,,0,127.09237,37.691626
P54630,수락산·불암산,113500201,시종점,시종점,,1,127.093497,37.689347
P54631,수락산·불암산,113500201,분기점,분기점,,0,127.093553,37.689485
P54632,수락산·불암산,113500201,"사진촬영대,의자",시종점,"긴의자2,통의자6",0,127.095638,37.696148
P54633,수락산·불암산,113500201,분기점,분기점,,0,127.095819,37.687868
P54634,수락산·불암산,113500201,분기점,분기점,,0,127.096236,37.686168
P54635,수락산·불암산,113500201,분기점,분기점,,0,127.096253,37.696194
P54636,수락산·불암산,113500201,분기점,분기점,,0,127.096765,37.702321
P54637,수락산·불암산,113500201,시종점,시종점,,1,127.096893,37.701793
P54638,수락산·불암산,113500201,화장실,화장실,,0,127.099097,37.700547
P54639,수락산·불암산,113500201,분기점,분기점,,0,127.099213,37.697591
P54640,수락산·불암산,113500201,분기점,분기점,,0,127.099836,37.704667
P54641,수락산·불암산,113500201,분기점,분기점,,0,127.100508,37.699162
P54642,수락산·불암산,113500201,분기점,분기점,,0,127.101261,37.700895
P54643,수락산·불암산,113500201,분기점,분기점,,0,127.101307,37.700925
P54644,수락산·불암산,113500201,분기점,분기점,,0,127.101812,37.695759
P54645,수락산·불암산,113500201,시종점,시종점,,1,127.102032,37.68071
P54646,수락산·불암산,113500201,분기점,분기점,돌담농원,0,127.102419,37.702183
P54647,수락산·불암산,113500201,분기점,분기점,,0,127.102649,37.699059
P54648,수락산·불암산,113500201,분기점,분기점,,0,127.102855,37.697324
P54649,수락산·불암산,113500201,분기점,분기점,,0,127.102919,37.695729
P54650,수락산·불암산,113500201,분기점,분기점,,0,127.103686,37.696017
P54651,수락산·불암산,113500201,순화궁고개,기타,,0,127.103998,37.696694
P54652,수락산·불암산,113500201,분기점,분기점,,0,127.10771,37.705822
P54653,수락산·불암산,113500201,시종점,시종점,,1,127.058252,37.682069
P54654,수락산·불암산,113500201,시종점,시종점,,1,127.082249,37.697756
P54655,수락산·불암산,113500201,분기점,분기점,,0,127.086462,37.690537
P54656,수락산·불암산,113500201,분기점,분기점,,0,127.08848,37.690378
P54657,수락산·불암산,113500201,분기점,분기점,,0,127.096238,37.685445
P54658,수락산·불암산,113500201,시종점,시종점,,1,127.092139,37.677817
P54659,수락산·불암산,113500201,분기점,분기점,,0,127.093803,37.69152
P54660,수락산·불암산,113500201,분기점,분기점,,0,127.095333,37.691622
